Workbook
Name INST: [1]instrucciones!$B$1:$O$48
Name PORT: [2]formato!$A$6:$N$68

Sheet Instructions
B2: World Cup 2026 "Quiniela" Prediction League
B4: INSTRUCTIONS
B5: 1. Go to the "Group Stage Predictions" sheet and enter your predicted scores in the grey cells for every group-stage match.
B6: 2. Go to the "Knock-Out Predictions" sheet and enter your knock-out picks in the grey cells. Make sure to use the official FIFA three-letter codes shown here.
B7: 3. Add your name and team name in the "Knock-Out Predictions" sheet and return the completed Excel doc to rasherrington@gmail.com.
B9: SCORING
B10: The player with the highest score at the end of the tournament | G10: COMPETITORS
B11: will be crowned champion! Scoring is a little different this year…
F12: GROUP A | H12: GROUP G
B13: Group stage scoring | E13: MEX | F13: Mexico (MEX) | H13: Belgium (BEL) | I13: BEL
C14: Points | E14: RSA | F14: South Africa (RSA) | H14: Egypt (EGY) | I14: EGY
B15: Exact scoreline | C15: 4 | E15: KOR | F15: Korea Republic (KOR) | H15: Iran (IRN) | I15: IRN
B16: Correct result and correct goal difference | C16: 2 | E16: CZE | F16: Czechia (CZE) | H16: New Zealand (NZL) | I16: NZL
B17: Correct result only | C17: 1
B18: Incorrect result | C18: 0 | F18: GROUP B | H18: GROUP H
E19: CAN | F19: Canada (CAN) | H19: Spain (ESP) | I19: ESP
B20: Knock-out stage scoring | E20: BIH | F20: Bosnia and Herzegovina (BIH) | H20: Cape Verde (CPV) | I20: CPV
C21: Points per correct team | E21: QAT | F21: Qatar (QAT) | H21: Saudi Arabia (KSA) | I21: KSA
B22: Round of 32 | C22: 2 | E22: SUI | F22: Switzerland (SUI) | H22: Uruguay (URU) | I22: URU
B23: Round of 16 | C23: 4
B24: Quarter-final | C24: 6 | F24: GROUP C | H24: GROUP I
B25: Semi-final | C25: 9 | E25: BRA | F25: Brazil (BRA) | H25: France (FRA) | I25: FRA
B26: Finalist | C26: 14 | E26: MAR | F26: Morocco (MAR) | H26: Senegal (SEN) | I26: SEN
B27: Champion | C27: 25 | E27: HAI | F27: Haiti (HAI) | H27: Iraq (IRQ) | I27: IRQ
E28: SCO | F28: Scotland (SCO) | H28: Norway (NOR) | I28: NOR
F30: GROUP D | H30: GROUP J
E31: USA | F31: USA | H31: Argentina (ARG) | I31: ARG
E32: PAR | F32: Paraguay (PAR) | H32: Algeria (ALG) | I32: ALG
E33: AUS | F33: Australia (AUS) | H33: Austria (AUT) | I33: AUT
E34: TUR | F34: Türkiye (TUR) | H34: Jordan (JOR) | I34: JOR
F36: GROUP E | H36: GROUP K
E37: GER | F37: Germany (GER) | H37: Portugal (POR) | I37: POR
E38: CUW | F38: Curaçao (CUW) | H38: DR Congo (COD) | I38: COD
E39: CIV | F39: Côte d'Ivoire (CIV) | H39: Uzbekistan (UZB) | I39: UZB
E40: ECU | F40: Ecuador (ECU) | H40: Colombia (COL) | I40: COL
F42: GROUP F | H42: GROUP L
E43: NED | F43: Netherlands (NED) | H43: England (ENG) | I43: ENG
E44: JPN | F44: Japan (JPN) | H44: Croatia (CRO) | I44: CRO
E45: SWE | F45: Sweden (SWE) | H45: Ghana (GHA) | I45: GHA
E46: TUN | F46: Tunisia (TUN) | H46: Panama (PAN) | I46: PAN

Sheet Group Stage Predictions
B2: Instructions
B3: 1. Enter your score predictions in the grey cells. The sheet will calculate your predicted group rankings | AA3: VS OPPONENTS
B4: 2. Once you have completed the group stage predictions, move to 'Knock-Out Predictions' where the Last 32 will have been automatically populated (including which 3rd place teams advance) based on your predictions below.
Z5: POINTS | AD5: DG x 10 + GF vs otro 1 x 1 | AH5: Pts x 10,000 + DG x 100 + GF vs otros 2 x 2 | AL5: -0.5 / +0.5 tie-break adjustment | AP5: TRUE if teams are tied on points, GF and GA in all combinations | BB5: if still tied, check head-to-head
B6: Group A | S6: AJ | T6: AK | U6: AL | V6: AM | W6: AN | X6: AO | Y6: AP | Z6: AQ | AA6: AR | AB6: AS | AC6: AT | AD6: AU | AE6: AV | AF6: AW | AG6: AX | AH6: AY | AI6: AZ | AJ6: BA | AK6: BB | AL6: BC | AM6: BD | AN6: BE | AO6: BF | AP6: BG | AQ6: BH | AR6: BI | AS6: BJ | AT6: BK | AU6: BL | AV6: BM | AW6: BN | AX6: BO | AY6: BP | AZ6: BO | BA6: BP | BC6: =IF($AU8,IF(E7-G7<0,-0.5,IF(G7-E7<0,0.5,0)),IF($AQ8,IF($AH8>$AH9,-0.5,IF($AH8<$AH9,0.5,0)),IF($AR8,IF($AI8>$AI9,-0.5, IF($AI8<$AI9,0.5,0)),0))) -> 0 | BE6: =G11-E11 -> 1
B7: 46184.542 | C7: Mexico City | D7: =+Instructions!F13 -> Mexico (MEX) | E7: 1 | F7: =+Instructions!F14 -> South Africa (RSA) | G7: 0 | K7: Group A | L7: Pts | M7: GF | N7: GA | O7: GD | S7: sort low to high | T7: Rank | U7: Team | V7: Pts | W7: GF | X7: GC | Y7: DG | Z7: Ag1 | AA7: Ag2 | AB7: Ag3 | AC7: Ag4 | AD7: Sp1 | AE7: Sp2 | AF7: Sp3 | AG7: Sp4 | AH7: T123 | AI7: T124 | AJ7: T134 | AK7: T234 | AL7: Rk1 | AM7: Rk2 | AN7: Rk3 | AO7: Rk4 | AP7: T1234 | AQ7: T123 | AR7: T124 | AS7: T134 | AT7: T234 | AU7: T12 | AV7: T13 | AW7: T14 | AX7: T23 | AY7: T24 | AZ7: T34 | BA7: NoT | BB7: sRk1 | BC7: sRk2 | BD7: sRk3 | BE7: sRk4
B8: 46184.833 | C8: Guadalajara | D8: =+Instructions!F15 -> Korea Republic (KOR) | E8: 0 | F8: =+Instructions!F16 -> Czechia (CZE) | G8: 0 | J8: =Q8 -> 1 | K8: {=INDEX(U8:U11,MATCH(S8,$T8:$T11,0))} -> MEX | L8: {=INDEX(V8:V11,MATCH(S8,$T8:$T11,0))} -> 9 | M8: {=INDEX(W8:W11,MATCH(S8,$T8:$T11,0))} -> 3 | N8: {=INDEX(X8:X11,MATCH(S8,$T8:$T11,0))} -> 0 | O8: {=INDEX(Y8:Y11,MATCH(S8,$T8:$T11,0))} -> 3 | Q8: 1 | R8: =ROUND(S8,0) -> 1 | S8: =+SMALL(T8:T11,1) -> 0.95 | T8: =SUM(AL8:AO8)+2.45 -> 0.95 | U8: =+Instructions!E13 -> MEX | V8: =SUM(Z8:AC8) -> 9 | W8: =E7+E9+G11 -> 3 | X8: =G7+G9+E11 -> 0 | Y8: =W8-X8 -> 3 | Z8: x | AA8: =IF(ISBLANK(E7),0,IF(E7>G7,3,IF(E7=G7,1,0))) -> 3 | AB8: =IF(ISBLANK(E9),0,IF(E9>G9,3,IF(E9=G9,1,0))) -> 3 | AC8: =IF(ISBLANK(G11),0,IF(G11>E11,3,IF(G11=E11,1,0))) -> 3 | AD8: x | AE8: =(10*(Y8-Y9)+W8-W9>0) -> TRUE | AF8: =10*(Y8-Y10)+W8-W10>0 -> TRUE | AG8: =10*(Y8-Y11)+W8-W11>0 -> TRUE | AH8: =10000*(AA8+AB8)+(E9-G9+E7-G7)*100+(E9+E7) -> 60202 | AI8: =10000*(AA8+AC8)+(E7-G7+G11-E11)*100+(E7+G11) -> 60202 | AJ8: =10000*(AB8+AC8)+(E9-G9+G11-E11)*100+(E9+G11) -> 60202 | AK8: x | AL8: x | AM8: =IF($V8>$V9,-0.5,IF($V9>$V8,0.5,IF(AE8,-0.5,IF(AD9,0.5,BC8)))) -> -0.5 | AN8: =IF($V8>$V10,-0.5,IF($V10>$V8,0.5,IF(AF8,-0.5,IF(AD10,0.5,BD8)))) -> -0.5 | AO8: =IF($V8>$V11,-0.5,IF($V11>$V8,0.5,IF(AG8,-0.5,IF(AD11,0.5,BE8)))) -> -0.5 | AP8: =AND(AND(V8=V9,V9=V10,V10=V11),AND(W8=W9,W9=W10,W10=W11),AND(X8=X9,X9=X10,X10=X11)) -> FALSE | AQ8: =AND(NOT(AP8),V8=V9,V8=V10,W8=W9,W8=W10,X8=X9,X8=X10) -> FALSE | AR8: =AND(NOT(AP8),V8=V9,V8=V11,W8=W9,W8=W11,X8=X9,X8=X11) -> FALSE | AS8: =AND(NOT(AP8),V8=V10,V8=V11,W8=W10,W8=W11,X8=X10,X8=X11) -> FALSE | AT8: =AND(NOT(AP8),V9=V10,V9=V11,W9=W10,W9=W11,X9=X10,X9=X11) -> FALSE | AU8: =AND(NOT(AP8),NOT(AQ8),NOT(AR8),V8=V9,W8=W9,X8=X9) -> FALSE | AV8: =AND(NOT(AP8),NOT(AQ8),NOT(AS8),V8=V10,W8=W10,X8=X10) -> FALSE | AW8: =AND(NOT(AP8),NOT(AR8),NOT(AS8),V8=V11,W8=W11,X8=X11) -> FALSE | AX8: =AND(NOT(AP8),NOT(AQ8),NOT(AT8),V9=V10,W9=W10) -> FALSE | AY8: =AND(NOT(AP8),NOT(AR8),NOT(AT8),V9=V11,W9=W11,X9=X11) -> FALSE | AZ8: =AND(NOT(AP8),NOT(AS8),NOT(AT8),V10=V11,W10=W11,X10=X11) -> FALSE | BA8: {=AND(NOT(AP8:AZ8))} -> TRUE | BB8: x | BC8: =IF($AU8,IF(G7-E7<0,-0.5,IF(E7-G7<0,0.5,0)),IF($AQ8,IF($AH8>$AH9,-0.5,IF($AH8<$AH9,0.5,0)),IF($AR8,IF($AI8>$AI9,-0.5, IF($AI8<$AI9,0.5,0)),0))) -> 0 | BD8: =IF($AV8,IF(G9-E9<0,-0.5,IF(E9-G9<0,0.5,0)),IF($AQ8,IF($AH8>$AH10,-0.5,IF($AH8<$AH10,0.5,0)),IF($AS8,IF($AJ8>$AJ10,-0.5,IF($AJ8<$AJ10,0.5,0)),0))) -> 0 | BE8: =IF($AW8,IF(E11-G11<0,-0.5,IF(G11-E11<0,0.5,0)),IF($AR8,IF($AI8>$AI11,-0.5,IF($AI8<$AI11,0.5,0)),IF($AS8,IF($AJ8>$AJ11,-0.5, IF($AJ8<$AJ11,0.5,0)),0))) -> 0
B9: 46191.792 | C9: Guadalajara | D9: =+Instructions!F13 -> Mexico (MEX) | E9: 1 | F9: =+Instructions!F15 -> Korea Republic (KOR) | G9: 0 | J9: =Q9 -> 2 | K9: {=INDEX(U8:U11,MATCH(S9,$T8:$T11,0))} -> KOR | L9: {=INDEX(V8:V11,MATCH(S9,$T8:$T11,0))} -> 4 | M9: {=INDEX(W8:W11,MATCH(S9,$T8:$T11,0))} -> 1 | N9: {=INDEX(X8:X11,MATCH(S9,$T8:$T11,0))} -> 1 | O9: {=INDEX(Y8:Y11,MATCH(S9,$T8:$T11,0))} -> 0 | Q9: =IF(ROUND(S9,0)=ROUND(S8,0),Q8,2) -> 2 | R9: =ROUND(S9,0) -> 2 | S9: =+SMALL(T8:T11,2) -> 1.97 | T9: =SUM(AL9:AO9)+2.46 -> 3.96 | U9: =+Instructions!E14 -> RSA | V9: =SUM(Z9:AC9) -> 1 | W9: =G7+G10+E12 -> 0 | X9: =E7+E10+G12 -> 2 | Y9: =W9-X9 -> -2 | Z9: =IF(ISBLANK(G7),0,IF(AA8=3,0,IF(AA8=1,1,3))) -> 0 | AA9: x | AB9: =IF(ISBLANK(E12),0,IF(AA10=3,0,IF(AA10=1,1,3))) -> 0 | AC9: =IF(ISBLANK(G10),0,IF(G10>E10,3,IF(G10=E10,1,0))) -> 1 | AD9: =(10*(Y8-Y9)+W8-W9<0) -> FALSE | AE9: x | AF9: =10*(Y9-Y10)+W9-W10>0 -> FALSE | AG9: =10*(Y9-Y11)+W9-W11>0 -> FALSE | AH9: =10000*(Z9+AB9)+(G7-E7+E12-G12)*100+(G7+E12) -> -200 | AI9: =10000*(Z9+AC9)+(G7-E7+G10-E10)*100+(G7+G10) -> 9900 | AJ9: x | AK9: =10000*(AB9+AC9)+(G10-E10+E12-G12)*100+(G10+E12) -> 9900 | AL9: =-AM8 -> 0.5 | AM9: x | AN9: =IF($V9>$V10,-0.5,IF($V10>$V9,0.5,IF(AF9,-0.5,IF(AE10,0.5,BD9)))) -> 0.5 | AO9: =IF($V9>$V11,-0.5,IF($V11>$V9,0.5,IF(AG9,-0.5,IF(AE11,0.5,BE9)))) -> 0.5 | BC9: x | BD9: =IF($AX8,IF(G12-E12<0,-0.5,IF(E12-G12<0,0.5,0)),IF($AQ8,IF($AH9>$AH10,-0.5,IF($AH9<$AH10,0.5,0)),IF($AT8,IF($AK9>$AK10,-0.5,IF($AK9<$AK10,0.5,0)),0))) -> 0 | BE9: =IF($AY8,IF(E10-G10<0,-0.5,IF(G10-E10<0,0.5,0)),IF($AR8,IF($AI9>$AI11,-0.5,IF($AI9<$AI11,0.5,0)),IF($AT8,IF($AK9>$AK11,-0.5,IF($AK9<$AK11,0.5,0)),0))) -> 0
B10: 46191.417 | C10: Atlanta | D10: =+Instructions!F16 -> Czechia (CZE) | E10: 0 | F10: =+Instructions!F14 -> South Africa (RSA) | G10: 0 | J10: =Q10 -> 3 | K10: {=INDEX(U8:U11,MATCH(S10,$T8:$T11,0))} -> CZE | L10: {=INDEX(V8:V11,MATCH(S10,$T8:$T11,0))} -> 2 | M10: {=INDEX(W8:W11,MATCH(S10,$T8:$T11,0))} -> 0 | N10: {=INDEX(X8:X11,MATCH(S10,$T8:$T11,0))} -> 1 | O10: {=INDEX(Y8:Y11,MATCH(S10,$T8:$T11,0))} -> -1 | Q10: =IF(ROUND(S10,0)=ROUND(S9,0),Q9,3) -> 3 | R10: =ROUND(S10,0) -> 3 | S10: =+SMALL(T8:T11,3) -> 2.98 | T10: =SUM(AL10:AO10)+2.47 -> 1.97 | U10: =+Instructions!E15 -> KOR | V10: =SUM(Z10:AC10) -> 4 | W10: =E8+G9+G12 -> 1 | X10: =G8+E9+E12 -> 1 | Y10: =W10-X10 -> 0 | Z10: =IF(ISBLANK(G9),0,IF(AB8=3,0,IF(AB8=1,1,3))) -> 0 | AA10: =IF(ISBLANK(G12),0,IF(G12>E12,3,IF(G12=E12,1,0))) -> 3 | AB10: x | AC10: =IF(ISBLANK(E8),0,IF(E8>G8,3,IF(E8=G8,1,0))) -> 1 | AD10: =10*(Y8-Y10)+W8-W10<0 -> FALSE | AE10: =10*(Y9-Y10)+W9-W10<0 -> TRUE | AF10: x | AG10: =10*(Y10-Y11)+W10-W11>0 -> TRUE | AH10: =10000*(Z10+AA10)+(G9-E9+G12-E12)*100+(G9+G12) -> 30001 | AI10: x | AJ10: =10000*(Z10+AC10)+(E8-G8+G9-E9)*100+(E8+G9) -> 9900 | AK10: =10000*(AA10+AC10)+(E8-G8+G12-E12)*100+(E8+G12) -> 40101 | AL10: =-AN8 -> 0.5 | AM10: =-AN9 -> -0.5 | AN10: x | AO10: =IF($V10>$V11,-0.5,IF($V11>$V10,0.5,IF(AG10,-0.5,IF(AF11,0.5,BE10)))) -> -0.5 | BD10: x | BE10: =IF($AZ8,IF(G8-E8<0,-0.5,IF(E8-G8<0,0.5,0)),IF($AS8,IF($AJ10>$AJ11,-0.5,IF($AJ10<$AJ11,0.5,0)),IF($AT8,IF($AK10>$AK11,-0.5,IF($AK10<$AK11,0.5,0)),0))) -> 0
B11: 46197.792 | C11: Mexico City | D11: =+Instructions!F16 -> Czechia (CZE) | E11: 0 | F11: =+Instructions!F13 -> Mexico (MEX) | G11: 1 | J11: =Q11 -> 4 | K11: {=INDEX(U8:U11,MATCH(S11,$T8:$T11,0))} -> RSA | L11: {=INDEX(V8:V11,MATCH(S11,$T8:$T11,0))} -> 1 | M11: {=INDEX(W8:W11,MATCH(S11,$T8:$T11,0))} -> 0 | N11: {=INDEX(X8:X11,MATCH(S11,$T8:$T11,0))} -> 2 | O11: {=INDEX(Y8:Y11,MATCH(S11,$T8:$T11,0))} -> -2 | Q11: =IF(ROUND(S11,0)=ROUND(S10,0),Q10,4) -> 4 | R11: =ROUND(S11,0) -> 4 | S11: =+SMALL(T8:T11,4) -> 3.96 | T11: =SUM(AL11:AO11)+2.48 -> 2.98 | U11: =+Instructions!E16 -> CZE | V11: =SUM(Z11:AC11) -> 2 | W11: =G8+E10+E11 -> 0 | X11: =E8+G10+G11 -> 1 | Y11: =W11-X11 -> -1 | Z11: =IF(ISBLANK(E11),0,IF(AC8=3,0,IF(AC8=1,1,3))) -> 0 | AA11: =IF(ISBLANK(E10),0,IF(AC9=3,0,IF(AC9=1,1,3))) -> 1 | AB11: =IF(ISBLANK(G8),0,IF(AC10=3,0,IF(AC10=1,1,3))) -> 1 | AC11: x | AD11: =10*(Y8-Y11)+W8-W11<0 -> FALSE | AE11: =10*(Y9-Y11)+W9-W11<0 -> TRUE | AF11: =10*(Y10-Y11)+W10-W11<0 -> FALSE | AG11: x | AH11: x | AI11: =10000*(Z11+AA11)+(E11-G11+E10-G10)*100+(E11+E10) -> 9900 | AJ11: =10000*(Z11+AB11)+(G8-E8+E11-G11)*100+(G8+E11) -> 9900 | AK11: =10000*(AA11+AB11)+(E10-G10+G8-E8)*100+(E10+G8) -> 20000 | AL11: =-AO8 -> 0.5 | AM11: =-AO9 -> -0.5 | AN11: =-AO10 -> 0.5 | AO11: x | BE11: x
B12: 46197.792 | C12: Monterrey | D12: =+Instructions!F14 -> South Africa (RSA) | E12: 0 | F12: =+Instructions!F15 -> Korea Republic (KOR) | G12: 1 | K12: =IF(ISBLANK(G12)," ",+IF(OR(J10<3,J9<2),"TIE BREAK! Pick your qualifiers on the Knock-Out Predictions sheet"," "))
B14: Group B
B15: 46185.542 | C15: Toronto | D15: =+Instructions!F19 -> Canada (CAN) | E15: 1 | F15: =+Instructions!F20 -> Bosnia and Herzegovina (BIH) | G15: 0 | K15: Group B | L15: Pts | M15: GF | N15: GA | O15: GD | T15: Rank | U15: Team | V15: Pts | W15: GF | X15: GC | Y15: DG | Z15: Ag1 | AA15: Ag2 | AB15: Ag3 | AC15: Ag4 | AD15: Sp1 | AE15: Sp2 | AF15: Sp3 | AG15: Sp4 | AH15: T123 | AI15: T124 | AJ15: T134 | AK15: T234 | AL15: Rk1 | AM15: Rk2 | AN15: Rk3 | AO15: Rk4 | AP15: T1234 | AQ15: T123 | AR15: T124 | AS15: T134 | AT15: T234 | AU15: T12 | AV15: T13 | AW15: T14 | AX15: T23 | AY15: T24 | AZ15: T34 | BA15: NoT | BB15: sRk1 | BC15: sRk2 | BD15: sRk3 | BE15: sRk4
B16: 46186.542 | C16: San Francisco | D16: =+Instructions!F21 -> Qatar (QAT) | E16: 0 | F16: =+Instructions!F22 -> Switzerland (SUI) | G16: 2 | J16: =Q16 -> 1 | K16: {=INDEX(U16:U19,MATCH(S16,$T16:$T19,0))} -> SUI | L16: {=INDEX(V16:V19,MATCH(S16,$T16:$T19,0))} -> 9 | M16: {=INDEX(W16:W19,MATCH(S16,$T16:$T19,0))} -> 4 | N16: {=INDEX(X16:X19,MATCH(S16,$T16:$T19,0))} -> 0 | O16: {=INDEX(Y16:Y19,MATCH(S16,$T16:$T19,0))} -> 4 | Q16: 1 | R16: =ROUND(S16,0) -> 1 | S16: =+SMALL(T16:T19,1) -> 0.98 | T16: =SUM(AL16:AO16)+2.45 -> 1.95 | U16: =+Instructions!E19 -> CAN | V16: =SUM(Z16:AC16) -> 6 | W16: =E15+E17+G19 -> 2 | X16: =G15+G17+E19 -> 1 | Y16: =W16-X16 -> 1 | Z16: x | AA16: =IF(ISBLANK(E15),0,IF(E15>G15,3,IF(E15=G15,1,0))) -> 3 | AB16: =IF(ISBLANK(E17),0,IF(E17>G17,3,IF(E17=G17,1,0))) -> 3 | AC16: =IF(ISBLANK(G19),0,IF(G19>E19,3,IF(G19=E19,1,0))) -> 0 | AD16: x | AE16: =(10*(Y16-Y17)+W16-W17>0) -> TRUE | AF16: =10*(Y16-Y18)+W16-W18>0 -> TRUE | AG16: =10*(Y16-Y19)+W16-W19>0 -> FALSE | AH16: =10000*(AA16+AB16)+(E17-G17+E15-G15)*100+(E17+E15) -> 60202 | AI16: =10000*(AA16+AC16)+(E15-G15+G19-E19)*100+(E15+G19) -> 30001 | AJ16: =10000*(AB16+AC16)+(G19-E19+E17-G17)*100+(G19+E17) -> 30001 | AK16: x | AL16: x | AM16: =IF($V16>$V17,-0.5,IF($V17>$V16,0.5,IF(AE16,-0.5,IF(AD17,0.5,BC16)))) -> -0.5 | AN16: =IF($V16>$V18,-0.5,IF($V18>$V16,0.5,IF(AF16,-0.5,IF(AD18,0.5,BD16)))) -> -0.5 | AO16: =IF($V16>$V19,-0.5,IF($V19>$V16,0.5,IF(AG16,-0.5,IF(AD19,0.5,BE16)))) -> 0.5 | AP16: =AND(AND(V16=V17,V17=V18,V18=V19),AND(W16=W17,W17=W18,W18=W19),AND(X16=X17,X17=X18,X18=X19)) -> FALSE | AQ16: =AND(NOT(AP16),V16=V17,V16=V18,W16=W17,W16=W18,X16=X17,X16=X18) -> FALSE | AR16: =AND(NOT(AP16),V16=V17,V16=V19,W16=W17,W16=W19,X16=X17,X16=X19) -> FALSE | AS16: =AND(NOT(AP16),V16=V18,V16=V19,W16=W18,W16=W19,X16=X18,X16=X19) -> FALSE | AT16: =AND(NOT(AP16),V17=V18,V17=V19,W17=W18,W17=W19,X17=X18,X17=X19) -> FALSE | AU16: =AND(NOT(AP16),NOT(AQ16),NOT(AR16),V16=V17,W16=W17,X16=X17) -> FALSE | AV16: =AND(NOT(AP16),NOT(AQ16),NOT(AS16),V16=V18,W16=W18,X16=X18) -> FALSE | AW16: =AND(NOT(AP16),NOT(AR16),NOT(AS16),V16=V19,W16=W19,X16=X19) -> FALSE | AX16: =AND(NOT(AP16),NOT(AQ16),NOT(AT16),V17=V18,W17=W18) -> FALSE | AY16: =AND(NOT(AP16),NOT(AR16),NOT(AT16),V17=V19,W17=W19,X17=X19) -> FALSE | AZ16: =AND(NOT(AP16),NOT(AS16),NOT(AT16),V18=V19,W18=W19,X18=X19) -> FALSE | BA16: {=AND(NOT(AP16:AZ16))} -> TRUE | BB16: x | BC16: =IF($AU16,IF(G15-E15<0,-0.5,IF(E15-G15<0,0.5,0)),IF($AQ16,IF($AH16>$AH17,-0.5,IF($AH16<$AH17,0.5,0)),IF($AR16,IF($AI16>$AI17,-0.5, IF($AI16<$AI17,0.5,0)),0))) -> 0 | BD16: =IF($AV16,IF(G17-E17<0,-0.5,IF(E17-G17<0,0.5,0)),IF($AQ16,IF($AH16>$AH18,-0.5,IF($AH16<$AH18,0.5,0)),IF($AS16,IF($AJ16>$AJ18,-0.5,IF($AJ16<$AJ18,0.5,0)),0))) -> 0 | BE16: =IF($AW16,IF(E19-G19<0,-0.5,IF(G19-E19<0,0.5,0)),IF($AR16,IF($AI16>$AI19,-0.5,IF($AI16<$AI19,0.5,0)),IF($AS16,IF($AJ16>$AJ19,-0.5, IF($AJ16<$AJ19,0.5,0)),0))) -> 0
B17: 46191.667 | C17: Vancouver | D17: =+Instructions!F19 -> Canada (CAN) | E17: 1 | F17: =+Instructions!F21 -> Qatar (QAT) | G17: 0 | J17: =Q17 -> 2 | K17: {=INDEX(U16:U19,MATCH(S17,$T16:$T19,0))} -> CAN | L17: {=INDEX(V16:V19,MATCH(S17,$T16:$T19,0))} -> 6 | M17: {=INDEX(W16:W19,MATCH(S17,$T16:$T19,0))} -> 2 | N17: {=INDEX(X16:X19,MATCH(S17,$T16:$T19,0))} -> 1 | O17: {=INDEX(Y16:Y19,MATCH(S17,$T16:$T19,0))} -> 1 | Q17: =IF(ROUND(S17,0)=ROUND(S16,0),Q16,2) -> 2 | R17: =ROUND(S17,0) -> 2 | S17: =+SMALL(T16:T19,2) -> 1.95 | T17: =SUM(AL17:AO17)+2.46 -> 2.96 | U17: =+Instructions!E20 -> BIH | V17: =SUM(Z17:AC17) -> 3 | W17: =G15+G18+E20 -> 1 | X17: =E15+E18+G20 -> 2 | Y17: =W17-X17 -> -1 | Z17: =IF(ISBLANK(G15),0,IF(AA16=3,0,IF(AA16=1,1,3))) -> 0 | AA17: x | AB17: =IF(ISBLANK(E20),0,IF(AA18=3,0,IF(AA18=1,1,3))) -> 3 | AC17: =IF(ISBLANK(G18),0,IF(G18>E18,3,IF(G18=E18,1,0))) -> 0 | AD17: =(10*(Y16-Y17)+W16-W17<0) -> FALSE | AE17: x | AF17: =10*(Y17-Y18)+W17-W18>0 -> TRUE | AG17: =10*(Y17-Y19)+W17-W19>0 -> FALSE | AH17: =10000*(Z17+AB17)+(G15-E15+E20-G20)*100+(G15+E20) -> 30001 | AI17: =10000*(Z17+AC17)+(G15-E15+G18-E18)*100+(G15+G18) -> -200 | AJ17: x | AK17: =10000*(AB17+AC17)+(G18-E18+E20-G20)*100+(G18+E20) -> 30001 | AL17: =-AM16 -> 0.5 | AM17: x | AN17: =IF($V17>$V18,-0.5,IF($V18>$V17,0.5,IF(AF17,-0.5,IF(AE18,0.5,BD17)))) -> -0.5 | AO17: =IF($V17>$V19,-0.5,IF($V19>$V17,0.5,IF(AG17,-0.5,IF(AE19,0.5,BE17)))) -> 0.5 | BC17: x | BD17: =IF($AX16,IF(G20-E20<0,-0.5,IF(E20-G20<0,0.5,0)),IF($AQ16,IF($AH17>$AH18,-0.5,IF($AH17<$AH18,0.5,0)),IF($AT16,IF($AK17>$AK18,-0.5,IF($AK17<$AK18,0.5,0)),0))) -> 0 | BE17: =IF($AY16,IF(E18-G18<0,-0.5,IF(G18-E18<0,0.5,0)),IF($AR16,IF($AI17>$AI19,-0.5,IF($AI17<$AI19,0.5,0)),IF($AT16,IF($AK17>$AK19,-0.5,IF($AK17<$AK19,0.5,0)),0))) -> 0
B18: 46191.542 | C18: Los Angeles | D18: =+Instructions!F22 -> Switzerland (SUI) | E18: 1 | F18: =+Instructions!F20 -> Bosnia and Herzegovina (BIH) | G18: 0 | J18: =Q18 -> 3 | K18: {=INDEX(U16:U19,MATCH(S18,$T16:$T19,0))} -> BIH | L18: {=INDEX(V16:V19,MATCH(S18,$T16:$T19,0))} -> 3 | M18: {=INDEX(W16:W19,MATCH(S18,$T16:$T19,0))} -> 1 | N18: {=INDEX(X16:X19,MATCH(S18,$T16:$T19,0))} -> 2 | O18: {=INDEX(Y16:Y19,MATCH(S18,$T16:$T19,0))} -> -1 | Q18: =IF(ROUND(S18,0)=ROUND(S17,0),Q17,3) -> 3 | R18: =ROUND(S18,0) -> 3 | S18: =+SMALL(T16:T19,3) -> 2.96 | T18: =SUM(AL18:AO18)+2.47 -> 3.97 | U18: =+Instructions!E21 -> QAT | V18: =SUM(Z18:AC18) -> 0 | W18: =E16+G17+G20 -> 0 | X18: =G16+E17+E20 -> 4 | Y18: =W18-X18 -> -4 | Z18: =IF(ISBLANK(G17),0,IF(AB16=3,0,IF(AB16=1,1,3))) -> 0 | AA18: =IF(ISBLANK(G20),0,IF(G20>E20,3,IF(G20=E20,1,0))) -> 0 | AB18: x | AC18: =IF(ISBLANK(E16),0,IF(E16>G16,3,IF(E16=G16,1,0))) -> 0 | AD18: =10*(Y16-Y18)+W16-W18<0 -> FALSE | AE18: =10*(Y17-Y18)+W17-W18<0 -> FALSE | AF18: x | AG18: =10*(Y18-Y19)+W18-W19>0 -> FALSE | AH18: =10000*(Z18+AA18)+(G17-E17+G20-E20)*100+(G17+G20) -> -200 | AI18: x | AJ18: =10000*(Z18+AC18)+(E16-G16+G17-E17)*100+(E16+G17) -> -300 | AK18: =10000*(AA18+AC18)+(E16-G16+G20-E20)*100+(E16+G20) -> -300 | AL18: =-AN16 -> 0.5 | AM18: =-AN17 -> 0.5 | AN18: x | AO18: =IF($V18>$V19,-0.5,IF($V19>$V18,0.5,IF(AG18,-0.5,IF(AF19,0.5,BE18)))) -> 0.5 | BD18: x | BE18: =IF($AZ16,IF(G16-E16<0,-0.5,IF(E16-G16<0,0.5,0)),IF($AS16,IF($AJ18>$AJ19,-0.5,IF($AJ18<$AJ19,0.5,0)),IF($AT16,IF($AK18>$AK19,-0.5,IF($AK18<$AK19,0.5,0)),0))) -> 0
B19: 46197.542 | C19: Vancouver | D19: =+Instructions!F22 -> Switzerland (SUI) | E19: 1 | F19: =+Instructions!F19 -> Canada (CAN) | G19: 0 | J19: =Q19 -> 4 | K19: {=INDEX(U16:U19,MATCH(S19,$T16:$T19,0))} -> QAT | L19: {=INDEX(V16:V19,MATCH(S19,$T16:$T19,0))} -> 0 | M19: {=INDEX(W16:W19,MATCH(S19,$T16:$T19,0))} -> 0 | N19: {=INDEX(X16:X19,MATCH(S19,$T16:$T19,0))} -> 4 | O19: {=INDEX(Y16:Y19,MATCH(S19,$T16:$T19,0))} -> -4 | Q19: =IF(ROUND(S19,0)=ROUND(S18,0),Q18,4) -> 4 | R19: =ROUND(S19,0) -> 4 | S19: =+SMALL(T16:T19,4) -> 3.97 | T19: =SUM(AL19:AO19)+2.48 -> 0.98 | U19: =+Instructions!E22 -> SUI | V19: =SUM(Z19:AC19) -> 9 | W19: =G16+E18+E19 -> 4 | X19: =E16+G18+G19 -> 0 | Y19: =W19-X19 -> 4 | Z19: =IF(ISBLANK(E19),0,IF(AC16=3,0,IF(AC16=1,1,3))) -> 3 | AA19: =IF(ISBLANK(E18),0,IF(AC17=3,0,IF(AC17=1,1,3))) -> 3 | AB19: =IF(ISBLANK(G16),0,IF(AC18=3,0,IF(AC18=1,1,3))) -> 3 | AC19: x | AD19: =10*(Y16-Y19)+W16-W19<0 -> TRUE | AE19: =10*(Y17-Y19)+W17-W19<0 -> TRUE | AF19: =10*(Y18-Y19)+W18-W19<0 -> TRUE | AG19: x | AH19: x | AI19: =10000*(Z19+AA19)+(E18-G18+E19-G19)*100+(E18+E19) -> 60202 | AJ19: =10000*(Z19+AB19)+(E19-G19+G16-E16)*100+(E19+G16) -> 60303 | AK19: =10000*(AA19+AB19)+(E18-G18+G16-E16)*100+(E18+G16) -> 60303 | AL19: =-AO16 -> -0.5 | AM19: =-AO17 -> -0.5 | AN19: =-AO18 -> -0.5 | AO19: x | BE19: x
B20: 46197.542 | C20: Seattle | D20: =+Instructions!F20 -> Bosnia and Herzegovina (BIH) | E20: 1 | F20: =+Instructions!F21 -> Qatar (QAT) | G20: 0 | K20: =IF(ISBLANK(G20)," ",+IF(OR(J18<3,J17<2),"TIE BREAK! Pick your qualifiers on the Knock-Out Predictions sheet"," "))
B22: Group C
B23: 46186.667 | C23: New Jersey | D23: =+Instructions!F25 -> Brazil (BRA) | E23: 1 | F23: =+Instructions!F26 -> Morocco (MAR) | G23: 0 | K23: Group C | L23: Pts | M23: GF | N23: GA | O23: GD | T23: Rank | U23: Team | V23: Pts | W23: GF | X23: GC | Y23: DG | Z23: Ag1 | AA23: Ag2 | AB23: Ag3 | AC23: Ag4 | AD23: Sp1 | AE23: Sp2 | AF23: Sp3 | AG23: Sp4 | AH23: T123 | AI23: T124 | AJ23: T134 | AK23: T234 | AL23: Rk1 | AM23: Rk2 | AN23: Rk3 | AO23: Rk4 | AP23: T1234 | AQ23: T123 | AR23: T124 | AS23: T134 | AT23: T234 | AU23: T12 | AV23: T13 | AW23: T14 | AX23: T23 | AY23: T24 | AZ23: T34 | BA23: NoT | BB23: sRk1 | BC23: sRk2 | BD23: sRk3 | BE23: sRk4
B24: 46186.792 | C24: Boston | D24: =+Instructions!F27 -> Haiti (HAI) | E24: 0 | F24: =+Instructions!F28 -> Scotland (SCO) | G24: 2 | J24: =Q24 -> 1 | K24: {=INDEX(U24:U27,MATCH(S24,$T24:$T27,0))} -> BRA | L24: {=INDEX(V24:V27,MATCH(S24,$T24:$T27,0))} -> 9 | M24: {=INDEX(W24:W27,MATCH(S24,$T24:$T27,0))} -> 7 | N24: {=INDEX(X24:X27,MATCH(S24,$T24:$T27,0))} -> 0 | O24: {=INDEX(Y24:Y27,MATCH(S24,$T24:$T27,0))} -> 7 | Q24: 1 | R24: =ROUND(S24,0) -> 1 | S24: =+SMALL(T24:T27,1) -> 0.95 | T24: =SUM(AL24:AO24)+2.45 -> 0.95 | U24: =+Instructions!E25 -> BRA | V24: =SUM(Z24:AC24) -> 9 | W24: =E23+E25+G27 -> 7 | X24: =G23+G25+E27 -> 0 | Y24: =W24-X24 -> 7 | Z24: x | AA24: =IF(ISBLANK(E23),0,IF(E23>G23,3,IF(E23=G23,1,0))) -> 3 | AB24: =IF(ISBLANK(E25),0,IF(E25>G25,3,IF(E25=G25,1,0))) -> 3 | AC24: =IF(ISBLANK(G27),0,IF(G27>E27,3,IF(G27=E27,1,0))) -> 3 | AD24: x | AE24: =(10*(Y24-Y25)+W24-W25>0) -> TRUE | AF24: =10*(Y24-Y26)+W24-W26>0 -> TRUE | AG24: =10*(Y24-Y27)+W24-W27>0 -> TRUE | AH24: =10000*(AA24+AB24)+(E25-G25+E23-G23)*100+(E25+E23) -> 60606 | AI24: =10000*(AA24+AC24)+(E23-G23+G27-E27)*100+(E23+G27) -> 60202 | AJ24: =10000*(AB24+AC24)+(G27-E27+E25-G25)*100+(G27+E25) -> 60606 | AK24: x | AL24: x | AM24: =IF($V24>$V25,-0.5,IF($V25>$V24,0.5,IF(AE24,-0.5,IF(AD25,0.5,BC24)))) -> -0.5 | AN24: =IF($V24>$V26,-0.5,IF($V26>$V24,0.5,IF(AF24,-0.5,IF(AD26,0.5,BD24)))) -> -0.5 | AO24: =IF($V24>$V27,-0.5,IF($V27>$V24,0.5,IF(AG24,-0.5,IF(AD27,0.5,BE24)))) -> -0.5 | AP24: =AND(AND(V24=V25,V25=V26,V26=V27),AND(W24=W25,W25=W26,W26=W27),AND(X24=X25,X25=X26,X26=X27)) -> FALSE | AQ24: =AND(NOT(AP24),V24=V25,V24=V26,W24=W25,W24=W26,X24=X25,X24=X26) -> FALSE | AR24: =AND(NOT(AP24),V24=V25,V24=V27,W24=W25,W24=W27,X24=X25,X24=X27) -> FALSE | AS24: =AND(NOT(AP24),V24=V26,V24=V27,W24=W26,W24=W27,X24=X26,X24=X27) -> FALSE | AT24: =AND(NOT(AP24),V25=V26,V25=V27,W25=W26,W25=W27,X25=X26,X25=X27) -> FALSE | AU24: =AND(NOT(AP24),NOT(AQ24),NOT(AR24),V24=V25,W24=W25,X24=X25) -> FALSE | AV24: =AND(NOT(AP24),NOT(AQ24),NOT(AS24),V24=V26,W24=W26,X24=X26) -> FALSE | AW24: =AND(NOT(AP24),NOT(AR24),NOT(AS24),V24=V27,W24=W27,X24=X27) -> FALSE | AX24: =AND(NOT(AP24),NOT(AQ24),NOT(AT24),V25=V26,W25=W26) -> FALSE | AY24: =AND(NOT(AP24),NOT(AR24),NOT(AT24),V25=V27,W25=W27,X25=X27) -> FALSE | AZ24: =AND(NOT(AP24),NOT(AS24),NOT(AT24),V26=V27,W26=W27,X26=X27) -> FALSE | BA24: {=AND(NOT(AP24:AZ24))} -> TRUE | BB24: x | BC24: =IF($AU24,IF(G23-E23<0,-0.5,IF(E23-G23<0,0.5,0)),IF($AQ24,IF($AH24>$AH25,-0.5,IF($AH24<$AH25,0.5,0)),IF($AR24,IF($AI24>$AI25,-0.5, IF($AI24<$AI25,0.5,0)),0))) -> 0 | BD24: =IF($AV24,IF(G25-E25<0,-0.5,IF(E25-G25<0,0.5,0)),IF($AQ24,IF($AH24>$AH26,-0.5,IF($AH24<$AH26,0.5,0)),IF($AS24,IF($AJ24>$AJ26,-0.5,IF($AJ24<$AJ26,0.5,0)),0))) -> 0 | BE24: =IF($AW24,IF(E27-G27<0,-0.5,IF(G27-E27<0,0.5,0)),IF($AR24,IF($AI24>$AI27,-0.5,IF($AI24<$AI27,0.5,0)),IF($AS24,IF($AJ24>$AJ27,-0.5, IF($AJ24<$AJ27,0.5,0)),0))) -> 0
B25: 46192.771 | C25: Philadelphia | D25: =+Instructions!F25 -> Brazil (BRA) | E25: 5 | F25: =+Instructions!F27 -> Haiti (HAI) | G25: 0 | J25: =Q25 -> 2 | K25: {=INDEX(U24:U27,MATCH(S25,$T24:$T27,0))} -> MAR | L25: {=INDEX(V24:V27,MATCH(S25,$T24:$T27,0))} -> 6 | M25: {=INDEX(W24:W27,MATCH(S25,$T24:$T27,0))} -> 4 | N25: {=INDEX(X24:X27,MATCH(S25,$T24:$T27,0))} -> 1 | O25: {=INDEX(Y24:Y27,MATCH(S25,$T24:$T27,0))} -> 3 | Q25: =IF(ROUND(S25,0)=ROUND(S24,0),Q24,2) -> 2 | R25: =ROUND(S25,0) -> 2 | S25: =+SMALL(T24:T27,2) -> 1.96 | T25: =SUM(AL25:AO25)+2.46 -> 1.96 | U25: =+Instructions!E26 -> MAR | V25: =SUM(Z25:AC25) -> 6 | W25: =G23+G26+E28 -> 4 | X25: =E23+E26+G28 -> 1 | Y25: =W25-X25 -> 3 | Z25: =IF(ISBLANK(G23),0,IF(AA24=3,0,IF(AA24=1,1,3))) -> 0 | AA25: x | AB25: =IF(ISBLANK(E28),0,IF(AA26=3,0,IF(AA26=1,1,3))) -> 3 | AC25: =IF(ISBLANK(G26),0,IF(G26>E26,3,IF(G26=E26,1,0))) -> 3 | AD25: =(10*(Y24-Y25)+W24-W25<0) -> FALSE | AE25: x | AF25: =10*(Y25-Y26)+W25-W26>0 -> TRUE | AG25: =10*(Y25-Y27)+W25-W27>0 -> TRUE | AH25: =10000*(Z25+AB25)+(G23-E23+E28-G28)*100+(G23+E28) -> 30203 | AI25: =10000*(Z25+AC25)+(G23-E23+G26-E26)*100+(G23+G26) -> 30001 | AJ25: x | AK25: =10000*(AB25+AC25)+(G26-E26+E28-G28)*100+(G26+E28) -> 60404 | AL25: =-AM24 -> 0.5 | AM25: x | AN25: =IF($V25>$V26,-0.5,IF($V26>$V25,0.5,IF(AF25,-0.5,IF(AE26,0.5,BD25)))) -> -0.5 | AO25: =IF($V25>$V27,-0.5,IF($V27>$V25,0.5,IF(AG25,-0.5,IF(AE27,0.5,BE25)))) -> -0.5 | BC25: x | BD25: =IF($AX24,IF(G28-E28<0,-0.5,IF(E28-G28<0,0.5,0)),IF($AQ24,IF($AH25>$AH26,-0.5,IF($AH25<$AH26,0.5,0)),IF($AT24,IF($AK25>$AK26,-0.5,IF($AK25<$AK26,0.5,0)),0))) -> 0 | BE25: =IF($AY24,IF(E26-G26<0,-0.5,IF(G26-E26<0,0.5,0)),IF($AR24,IF($AI25>$AI27,-0.5,IF($AI25<$AI27,0.5,0)),IF($AT24,IF($AK25>$AK27,-0.5,IF($AK25<$AK27,0.5,0)),0))) -> 0
B26: 46192.667 | C26: Boston | D26: =+Instructions!F28 -> Scotland (SCO) | E26: 0 | F26: =+Instructions!F26 -> Morocco (MAR) | G26: 1 | J26: =Q26 -> 3 | K26: {=INDEX(U24:U27,MATCH(S26,$T24:$T27,0))} -> SCO | L26: {=INDEX(V24:V27,MATCH(S26,$T24:$T27,0))} -> 3 | M26: {=INDEX(W24:W27,MATCH(S26,$T24:$T27,0))} -> 2 | N26: {=INDEX(X24:X27,MATCH(S26,$T24:$T27,0))} -> 2 | O26: {=INDEX(Y24:Y27,MATCH(S26,$T24:$T27,0))} -> 0 | Q26: =IF(ROUND(S26,0)=ROUND(S25,0),Q25,3) -> 3 | R26: =ROUND(S26,0) -> 3 | S26: =+SMALL(T24:T27,3) -> 2.98 | T26: =SUM(AL26:AO26)+2.47 -> 3.97 | U26: =+Instructions!E27 -> HAI | V26: =SUM(Z26:AC26) -> 0 | W26: =E24+G25+G28 -> 0 | X26: =G24+E25+E28 -> 10 | Y26: =W26-X26 -> -10 | Z26: =IF(ISBLANK(G25),0,IF(AB24=3,0,IF(AB24=1,1,3))) -> 0 | AA26: =IF(ISBLANK(G28),0,IF(G28>E28,3,IF(G28=E28,1,0))) -> 0 | AB26: x | AC26: =IF(ISBLANK(E24),0,IF(E24>G24,3,IF(E24=G24,1,0))) -> 0 | AD26: =10*(Y24-Y26)+W24-W26<0 -> FALSE | AE26: =10*(Y25-Y26)+W25-W26<0 -> FALSE | AF26: x | AG26: =10*(Y26-Y27)+W26-W27>0 -> FALSE | AH26: =10000*(Z26+AA26)+(G25-E25+G28-E28)*100+(G25+G28) -> -800 | AI26: x | AJ26: =10000*(Z26+AC26)+(E24-G24+G25-E25)*100+(E24+G25) -> -700 | AK26: =10000*(AA26+AC26)+(E24-G24+G28-E28)*100+(E24+G28) -> -500 | AL26: =-AN24 -> 0.5 | AM26: =-AN25 -> 0.5 | AN26: x | AO26: =IF($V26>$V27,-0.5,IF($V27>$V26,0.5,IF(AG26,-0.5,IF(AF27,0.5,BE26)))) -> 0.5 | BD26: x | BE26: =IF($AZ24,IF(G24-E24<0,-0.5,IF(E24-G24<0,0.5,0)),IF($AS24,IF($AJ26>$AJ27,-0.5,IF($AJ26<$AJ27,0.5,0)),IF($AT24,IF($AK26>$AK27,-0.5,IF($AK26<$AK27,0.5,0)),0))) -> 0
B27: 46197.667 | C27: Miami | D27: =+Instructions!F28 -> Scotland (SCO) | E27: 0 | F27: =+Instructions!F25 -> Brazil (BRA) | G27: 1 | J27: =Q27 -> 4 | K27: {=INDEX(U24:U27,MATCH(S27,$T24:$T27,0))} -> HAI | L27: {=INDEX(V24:V27,MATCH(S27,$T24:$T27,0))} -> 0 | M27: {=INDEX(W24:W27,MATCH(S27,$T24:$T27,0))} -> 0 | N27: {=INDEX(X24:X27,MATCH(S27,$T24:$T27,0))} -> 10 | O27: {=INDEX(Y24:Y27,MATCH(S27,$T24:$T27,0))} -> -10 | Q27: =IF(ROUND(S27,0)=ROUND(S26,0),Q26,4) -> 4 | R27: =ROUND(S27,0) -> 4 | S27: =+SMALL(T24:T27,4) -> 3.97 | T27: =SUM(AL27:AO27)+2.48 -> 2.98 | U27: =+Instructions!E28 -> SCO | V27: =SUM(Z27:AC27) -> 3 | W27: =G24+E26+E27 -> 2 | X27: =E24+G26+G27 -> 2 | Y27: =W27-X27 -> 0 | Z27: =IF(ISBLANK(E27),0,IF(AC24=3,0,IF(AC24=1,1,3))) -> 0 | AA27: =IF(ISBLANK(E26),0,IF(AC25=3,0,IF(AC25=1,1,3))) -> 0 | AB27: =IF(ISBLANK(G24),0,IF(AC26=3,0,IF(AC26=1,1,3))) -> 3 | AC27: x | AD27: =10*(Y24-Y27)+W24-W27<0 -> FALSE | AE27: =10*(Y25-Y27)+W25-W27<0 -> FALSE | AF27: =10*(Y26-Y27)+W26-W27<0 -> TRUE | AG27: x | AH27: x | AI27: =10000*(Z27+AA27)+(E26-G26+E27-G27)*100+(E26+E27) -> -200 | AJ27: =10000*(Z27+AB27)+(E27-G27+G24-E24)*100+(E27+G24) -> 30102 | AK27: =10000*(AA27+AB27)+(E26-G26+G24-E24)*100+(E26+G24) -> 30102 | AL27: =-AO24 -> 0.5 | AM27: =-AO25 -> 0.5 | AN27: =-AO26 -> -0.5 | AO27: x | BE27: x
B28: 46197.667 | C28: Atlanta | D28: =+Instructions!F26 -> Morocco (MAR) | E28: 3 | F28: =+Instructions!F27 -> Haiti (HAI) | G28: 0 | K28: =IF(ISBLANK(G28)," ",+IF(OR(J26<3,J25<2),"TIE BREAK! Pick your qualifiers on the Knock-Out Predictions sheet"," "))
B30: Group D
B31: 46185.792 | C31: Los Angeles | D31: =+Instructions!F31 -> USA | E31: 1 | F31: =+Instructions!F32 -> Paraguay (PAR) | G31: 0 | K31: Group D | L31: Pts | M31: GF | N31: GA | O31: GD | T31: Rank | U31: Team | V31: Pts | W31: GF | X31: GC | Y31: DG | Z31: Ag1 | AA31: Ag2 | AB31: Ag3 | AC31: Ag4 | AD31: Sp1 | AE31: Sp2 | AF31: Sp3 | AG31: Sp4 | AH31: T123 | AI31: T124 | AJ31: T134 | AK31: T234 | AL31: Rk1 | AM31: Rk2 | AN31: Rk3 | AO31: Rk4 | AP31: T1234 | AQ31: T123 | AR31: T124 | AS31: T134 | AT31: T234 | AU31: T12 | AV31: T13 | AW31: T14 | AX31: T23 | AY31: T24 | AZ31: T34 | BA31: NoT | BB31: sRk1 | BC31: sRk2 | BD31: sRk3 | BE31: sRk4
B32: 46186.917 | C32: Vancouver | D32: =+Instructions!F33 -> Australia (AUS) | E32: 0 | F32: =+Instructions!F34 -> Türkiye (TUR) | G32: 1 | J32: =Q32 -> 1 | K32: {=INDEX(U32:U35,MATCH(S32,$T32:$T35,0))} -> USA | L32: {=INDEX(V32:V35,MATCH(S32,$T32:$T35,0))} -> 9 | M32: {=INDEX(W32:W35,MATCH(S32,$T32:$T35,0))} -> 3 | N32: {=INDEX(X32:X35,MATCH(S32,$T32:$T35,0))} -> 0 | O32: {=INDEX(Y32:Y35,MATCH(S32,$T32:$T35,0))} -> 3 | Q32: 1 | R32: =ROUND(S32,0) -> 1 | S32: =+SMALL(T32:T35,1) -> 0.95 | T32: =SUM(AL32:AO32)+2.45 -> 0.95 | U32: =+Instructions!E31 -> USA | V32: =SUM(Z32:AC32) -> 9 | W32: =E31+E33+G35 -> 3 | X32: =G31+G33+E35 -> 0 | Y32: =W32-X32 -> 3 | Z32: x | AA32: =IF(ISBLANK(E31),0,IF(E31>G31,3,IF(E31=G31,1,0))) -> 3 | AB32: =IF(ISBLANK(E33),0,IF(E33>G33,3,IF(E33=G33,1,0))) -> 3 | AC32: =IF(ISBLANK(G35),0,IF(G35>E35,3,IF(G35=E35,1,0))) -> 3 | AD32: x | AE32: =(10*(Y32-Y33)+W32-W33>0) -> TRUE | AF32: =10*(Y32-Y34)+W32-W34>0 -> TRUE | AG32: =10*(Y32-Y35)+W32-W35>0 -> TRUE | AH32: =10000*(AA32+AB32)+(E33-G33+E31-G31)*100+(E33+E31) -> 60202 | AI32: =10000*(AA32+AC32)+(E31-G31+G35-E35)*100+(E31+G35) -> 60202 | AJ32: =10000*(AB32+AC32)+(G35-E35+E33-G33)*100+(G35+E33) -> 60202 | AK32: x | AL32: x | AM32: =IF($V32>$V33,-0.5,IF($V33>$V32,0.5,IF(AE32,-0.5,IF(AD33,0.5,BC32)))) -> -0.5 | AN32: =IF($V32>$V34,-0.5,IF($V34>$V32,0.5,IF(AF32,-0.5,IF(AD34,0.5,BD32)))) -> -0.5 | AO32: =IF($V32>$V35,-0.5,IF($V35>$V32,0.5,IF(AG32,-0.5,IF(AD35,0.5,BE32)))) -> -0.5 | AP32: =AND(AND(V32=V33,V33=V34,V34=V35),AND(W32=W33,W33=W34,W34=W35),AND(X32=X33,X33=X34,X34=X35)) -> FALSE | AQ32: =AND(NOT(AP32),V32=V33,V32=V34,W32=W33,W32=W34,X32=X33,X32=X34) -> FALSE | AR32: =AND(NOT(AP32),V32=V33,V32=V35,W32=W33,W32=W35,X32=X33,X32=X35) -> FALSE | AS32: =AND(NOT(AP32),V32=V34,V32=V35,W32=W34,W32=W35,X32=X34,X32=X35) -> FALSE | AT32: =AND(NOT(AP32),V33=V34,V33=V35,W33=W34,W33=W35,X33=X34,X33=X35) -> FALSE | AU32: =AND(NOT(AP32),NOT(AQ32),NOT(AR32),V32=V33,W32=W33,X32=X33) -> FALSE | AV32: =AND(NOT(AP32),NOT(AQ32),NOT(AS32),V32=V34,W32=W34,X32=X34) -> FALSE | AW32: =AND(NOT(AP32),NOT(AR32),NOT(AS32),V32=V35,W32=W35,X32=X35) -> FALSE | AX32: =AND(NOT(AP32),NOT(AQ32),NOT(AT32),V33=V34,W33=W34) -> FALSE | AY32: =AND(NOT(AP32),NOT(AR32),NOT(AT32),V33=V35,W33=W35,X33=X35) -> FALSE | AZ32: =AND(NOT(AP32),NOT(AS32),NOT(AT32),V34=V35,W34=W35,X34=X35) -> FALSE | BA32: {=AND(NOT(AP32:AZ32))} -> TRUE | BB32: x | BC32: =IF($AU32,IF(G31-E31<0,-0.5,IF(E31-G31<0,0.5,0)),IF($AQ32,IF($AH32>$AH33,-0.5,IF($AH32<$AH33,0.5,0)),IF($AR32,IF($AI32>$AI33,-0.5, IF($AI32<$AI33,0.5,0)),0))) -> 0 | BD32: =IF($AV32,IF(G33-E33<0,-0.5,IF(E33-G33<0,0.5,0)),IF($AQ32,IF($AH32>$AH34,-0.5,IF($AH32<$AH34,0.5,0)),IF($AS32,IF($AJ32>$AJ34,-0.5,IF($AJ32<$AJ34,0.5,0)),0))) -> 0 | BE32: =IF($AW32,IF(E35-G35<0,-0.5,IF(G35-E35<0,0.5,0)),IF($AR32,IF($AI32>$AI35,-0.5,IF($AI32<$AI35,0.5,0)),IF($AS32,IF($AJ32>$AJ35,-0.5, IF($AJ32<$AJ35,0.5,0)),0))) -> 0
B33: 46192.542 | C33: Seattle | D33: =+Instructions!F31 -> USA | E33: 1 | F33: =+Instructions!F33 -> Australia (AUS) | G33: 0 | J33: =Q33 -> 2 | K33: {=INDEX(U32:U35,MATCH(S33,$T32:$T35,0))} -> TUR | L33: {=INDEX(V32:V35,MATCH(S33,$T32:$T35,0))} -> 4 | M33: {=INDEX(W32:W35,MATCH(S33,$T32:$T35,0))} -> 1 | N33: {=INDEX(X32:X35,MATCH(S33,$T32:$T35,0))} -> 1 | O33: {=INDEX(Y32:Y35,MATCH(S33,$T32:$T35,0))} -> 0 | Q33: =IF(ROUND(S33,0)=ROUND(S32,0),Q32,2) -> 2 | R33: =ROUND(S33,0) -> 2 | S33: =+SMALL(T32:T35,2) -> 1.98 | T33: =SUM(AL33:AO33)+2.46 -> 2.96 | U33: =+Instructions!E32 -> PAR | V33: =SUM(Z33:AC33) -> 2 | W33: =G31+G34+E36 -> 0 | X33: =E31+E34+G36 -> 1 | Y33: =W33-X33 -> -1 | Z33: =IF(ISBLANK(G31),0,IF(AA32=3,0,IF(AA32=1,1,3))) -> 0 | AA33: x | AB33: =IF(ISBLANK(E36),0,IF(AA34=3,0,IF(AA34=1,1,3))) -> 1 | AC33: =IF(ISBLANK(G34),0,IF(G34>E34,3,IF(G34=E34,1,0))) -> 1 | AD33: =(10*(Y32-Y33)+W32-W33<0) -> FALSE | AE33: x | AF33: =10*(Y33-Y34)+W33-W34>0 -> TRUE | AG33: =10*(Y33-Y35)+W33-W35>0 -> FALSE | AH33: =10000*(Z33+AB33)+(G31-E31+E36-G36)*100+(G31+E36) -> 9900 | AI33: =10000*(Z33+AC33)+(G31-E31+G34-E34)*100+(G31+G34) -> 9900 | AJ33: x | AK33: =10000*(AB33+AC33)+(G34-E34+E36-G36)*100+(G34+E36) -> 20000 | AL33: =-AM32 -> 0.5 | AM33: x | AN33: =IF($V33>$V34,-0.5,IF($V34>$V33,0.5,IF(AF33,-0.5,IF(AE34,0.5,BD33)))) -> -0.5 | AO33: =IF($V33>$V35,-0.5,IF($V35>$V33,0.5,IF(AG33,-0.5,IF(AE35,0.5,BE33)))) -> 0.5 | BC33: x | BD33: =IF($AX32,IF(G36-E36<0,-0.5,IF(E36-G36<0,0.5,0)),IF($AQ32,IF($AH33>$AH34,-0.5,IF($AH33<$AH34,0.5,0)),IF($AT32,IF($AK33>$AK34,-0.5,IF($AK33<$AK34,0.5,0)),0))) -> 0 | BE33: =IF($AY32,IF(E34-G34<0,-0.5,IF(G34-E34<0,0.5,0)),IF($AR32,IF($AI33>$AI35,-0.5,IF($AI33<$AI35,0.5,0)),IF($AT32,IF($AK33>$AK35,-0.5,IF($AK33<$AK35,0.5,0)),0))) -> 0
B34: 46192.875 | C34: San Francisco | D34: =+Instructions!F34 -> Türkiye (TUR) | E34: 0 | F34: =+Instructions!F32 -> Paraguay (PAR) | G34: 0 | J34: =Q34 -> 3 | K34: {=INDEX(U32:U35,MATCH(S34,$T32:$T35,0))} -> PAR | L34: {=INDEX(V32:V35,MATCH(S34,$T32:$T35,0))} -> 2 | M34: {=INDEX(W32:W35,MATCH(S34,$T32:$T35,0))} -> 0 | N34: {=INDEX(X32:X35,MATCH(S34,$T32:$T35,0))} -> 1 | O34: {=INDEX(Y32:Y35,MATCH(S34,$T32:$T35,0))} -> -1 | Q34: =IF(ROUND(S34,0)=ROUND(S33,0),Q33,3) -> 3 | R34: =ROUND(S34,0) -> 3 | S34: =+SMALL(T32:T35,3) -> 2.96 | T34: =SUM(AL34:AO34)+2.47 -> 3.97 | U34: =+Instructions!E33 -> AUS | V34: =SUM(Z34:AC34) -> 1 | W34: =E32+G33+G36 -> 0 | X34: =G32+E33+E36 -> 2 | Y34: =W34-X34 -> -2 | Z34: =IF(ISBLANK(G33),0,IF(AB32=3,0,IF(AB32=1,1,3))) -> 0 | AA34: =IF(ISBLANK(G36),0,IF(G36>E36,3,IF(G36=E36,1,0))) -> 1 | AB34: x | AC34: =IF(ISBLANK(E32),0,IF(E32>G32,3,IF(E32=G32,1,0))) -> 0 | AD34: =10*(Y32-Y34)+W32-W34<0 -> FALSE | AE34: =10*(Y33-Y34)+W33-W34<0 -> FALSE | AF34: x | AG34: =10*(Y34-Y35)+W34-W35>0 -> FALSE | AH34: =10000*(Z34+AA34)+(G33-E33+G36-E36)*100+(G33+G36) -> 9900 | AI34: x | AJ34: =10000*(Z34+AC34)+(E32-G32+G33-E33)*100+(E32+G33) -> -200 | AK34: =10000*(AA34+AC34)+(E32-G32+G36-E36)*100+(E32+G36) -> 9900 | AL34: =-AN32 -> 0.5 | AM34: =-AN33 -> 0.5 | AN34: x | AO34: =IF($V34>$V35,-0.5,IF($V35>$V34,0.5,IF(AG34,-0.5,IF(AF35,0.5,BE34)))) -> 0.5 | BD34: x | BE34: =IF($AZ32,IF(G32-E32<0,-0.5,IF(E32-G32<0,0.5,0)),IF($AS32,IF($AJ34>$AJ35,-0.5,IF($AJ34<$AJ35,0.5,0)),IF($AT32,IF($AK34>$AK35,-0.5,IF($AK34<$AK35,0.5,0)),0))) -> 0
B35: 46198.833 | C35: Los Angeles | D35: =+Instructions!F34 -> Türkiye (TUR) | E35: 0 | F35: =+Instructions!F31 -> USA | G35: 1 | J35: =Q35 -> 4 | K35: {=INDEX(U32:U35,MATCH(S35,$T32:$T35,0))} -> AUS | L35: {=INDEX(V32:V35,MATCH(S35,$T32:$T35,0))} -> 1 | M35: {=INDEX(W32:W35,MATCH(S35,$T32:$T35,0))} -> 0 | N35: {=INDEX(X32:X35,MATCH(S35,$T32:$T35,0))} -> 2 | O35: {=INDEX(Y32:Y35,MATCH(S35,$T32:$T35,0))} -> -2 | Q35: =IF(ROUND(S35,0)=ROUND(S34,0),Q34,4) -> 4 | R35: =ROUND(S35,0) -> 4 | S35: =+SMALL(T32:T35,4) -> 3.97 | T35: =SUM(AL35:AO35)+2.48 -> 1.98 | U35: =+Instructions!E34 -> TUR | V35: =SUM(Z35:AC35) -> 4 | W35: =G32+E34+E35 -> 1 | X35: =E32+G34+G35 -> 1 | Y35: =W35-X35 -> 0 | Z35: =IF(ISBLANK(E35),0,IF(AC32=3,0,IF(AC32=1,1,3))) -> 0 | AA35: =IF(ISBLANK(E34),0,IF(AC33=3,0,IF(AC33=1,1,3))) -> 1 | AB35: =IF(ISBLANK(G32),0,IF(AC34=3,0,IF(AC34=1,1,3))) -> 3 | AC35: x | AD35: =10*(Y32-Y35)+W32-W35<0 -> FALSE | AE35: =10*(Y33-Y35)+W33-W35<0 -> TRUE | AF35: =10*(Y34-Y35)+W34-W35<0 -> TRUE | AG35: x | AH35: x | AI35: =10000*(Z35+AA35)+(E34-G34+E35-G35)*100+(E34+E35) -> 9900 | AJ35: =10000*(Z35+AB35)+(E35-G35+G32-E32)*100+(E35+G32) -> 30001 | AK35: =10000*(AA35+AB35)+(E34-G34+G32-E32)*100+(E34+G32) -> 40101 | AL35: =-AO32 -> 0.5 | AM35: =-AO33 -> -0.5 | AN35: =-AO34 -> -0.5 | AO35: x | BE35: x
B36: 46198.833 | C36: San Francisco | D36: =+Instructions!F32 -> Paraguay (PAR) | E36: 0 | F36: =+Instructions!F33 -> Australia (AUS) | G36: 0 | K36: =IF(ISBLANK(G36)," ",+IF(OR(J34<3,J33<2),"TIE BREAK! Pick your qualifiers on the Knock-Out Predictions sheet"," "))
B38: Group E
B39: 46187.458 | C39: Houston | D39: =+Instructions!F37 -> Germany (GER) | E39: 5 | F39: =+Instructions!F38 -> Curaçao (CUW) | G39: 0 | K39: Group E | L39: Pts | M39: GF | N39: GA | O39: GD | T39: Rank | U39: Team | V39: Pts | W39: GF | X39: GC | Y39: DG | Z39: Ag1 | AA39: Ag2 | AB39: Ag3 | AC39: Ag4 | AD39: Sp1 | AE39: Sp2 | AF39: Sp3 | AG39: Sp4 | AH39: T123 | AI39: T124 | AJ39: T134 | AK39: T234 | AL39: Rk1 | AM39: Rk2 | AN39: Rk3 | AO39: Rk4 | AP39: T1234 | AQ39: T123 | AR39: T124 | AS39: T134 | AT39: T234 | AU39: T12 | AV39: T13 | AW39: T14 | AX39: T23 | AY39: T24 | AZ39: T34 | BA39: NoT | BB39: sRk1 | BC39: sRk2 | BD39: sRk3 | BE39: sRk4
B40: 46187.792 | C40: Philadelphia | D40: =+Instructions!F39 -> Côte d'Ivoire (CIV) | E40: 0 | F40: =+Instructions!F40 -> Ecuador (ECU) | G40: 1 | J40: =Q40 -> 1 | K40: {=INDEX(U40:U43,MATCH(S40,$T40:$T43,0))} -> GER | L40: {=INDEX(V40:V43,MATCH(S40,$T40:$T43,0))} -> 9 | M40: {=INDEX(W40:W43,MATCH(S40,$T40:$T43,0))} -> 8 | N40: {=INDEX(X40:X43,MATCH(S40,$T40:$T43,0))} -> 0 | O40: {=INDEX(Y40:Y43,MATCH(S40,$T40:$T43,0))} -> 8 | Q40: 1 | R40: =ROUND(S40,0) -> 1 | S40: =+SMALL(T40:T43,1) -> 0.95 | T40: =SUM(AL40:AO40)+2.45 -> 0.95 | U40: =+Instructions!E37 -> GER | V40: =SUM(Z40:AC40) -> 9 | W40: =E39+E41+G43 -> 8 | X40: =G39+G41+E43 -> 0 | Y40: =W40-X40 -> 8 | Z40: x | AA40: =IF(ISBLANK(E39),0,IF(E39>G39,3,IF(E39=G39,1,0))) -> 3 | AB40: =IF(ISBLANK(E41),0,IF(E41>G41,3,IF(E41=G41,1,0))) -> 3 | AC40: =IF(ISBLANK(G43),0,IF(G43>E43,3,IF(G43=E43,1,0))) -> 3 | AD40: x | AE40: =(10*(Y40-Y41)+W40-W41>0) -> TRUE | AF40: =10*(Y40-Y42)+W40-W42>0 -> TRUE | AG40: =10*(Y40-Y43)+W40-W43>0 -> TRUE | AH40: =10000*(AA40+AB40)+(E41-G41+E39-G39)*100+(E41+E39) -> 60707 | AI40: =10000*(AA40+AC40)+(E39-G39+G43-E43)*100+(E39+G43) -> 60606 | AJ40: =10000*(AB40+AC40)+(G43-E43+E41-G41)*100+(G43+E41) -> 60303 | AK40: x | AL40: x | AM40: =IF($V40>$V41,-0.5,IF($V41>$V40,0.5,IF(AE40,-0.5,IF(AD41,0.5,BC40)))) -> -0.5 | AN40: =IF($V40>$V42,-0.5,IF($V42>$V40,0.5,IF(AF40,-0.5,IF(AD42,0.5,BD40)))) -> -0.5 | AO40: =IF($V40>$V43,-0.5,IF($V43>$V40,0.5,IF(AG40,-0.5,IF(AD43,0.5,BE40)))) -> -0.5 | AP40: =AND(AND(V40=V41,V41=V42,V42=V43),AND(W40=W41,W41=W42,W42=W43),AND(X40=X41,X41=X42,X42=X43)) -> FALSE | AQ40: =AND(NOT(AP40),V40=V41,V40=V42,W40=W41,W40=W42,X40=X41,X40=X42) -> FALSE | AR40: =AND(NOT(AP40),V40=V41,V40=V43,W40=W41,W40=W43,X40=X41,X40=X43) -> FALSE | AS40: =AND(NOT(AP40),V40=V42,V40=V43,W40=W42,W40=W43,X40=X42,X40=X43) -> FALSE | AT40: =AND(NOT(AP40),V41=V42,V41=V43,W41=W42,W41=W43,X41=X42,X41=X43) -> FALSE | AU40: =AND(NOT(AP40),NOT(AQ40),NOT(AR40),V40=V41,W40=W41,X40=X41) -> FALSE | AV40: =AND(NOT(AP40),NOT(AQ40),NOT(AS40),V40=V42,W40=W42,X40=X42) -> FALSE | AW40: =AND(NOT(AP40),NOT(AR40),NOT(AS40),V40=V43,W40=W43,X40=X43) -> FALSE | AX40: =AND(NOT(AP40),NOT(AQ40),NOT(AT40),V41=V42,W41=W42) -> FALSE | AY40: =AND(NOT(AP40),NOT(AR40),NOT(AT40),V41=V43,W41=W43,X41=X43) -> FALSE | AZ40: =AND(NOT(AP40),NOT(AS40),NOT(AT40),V42=V43,W42=W43,X42=X43) -> FALSE | BA40: {=AND(NOT(AP40:AZ40))} -> TRUE | BB40: x | BC40: =IF($AU40,IF(G39-E39<0,-0.5,IF(E39-G39<0,0.5,0)),IF($AQ40,IF($AH40>$AH41,-0.5,IF($AH40<$AH41,0.5,0)),IF($AR40,IF($AI40>$AI41,-0.5, IF($AI40<$AI41,0.5,0)),0))) -> 0 | BD40: =IF($AV40,IF(G41-E41<0,-0.5,IF(E41-G41<0,0.5,0)),IF($AQ40,IF($AH40>$AH42,-0.5,IF($AH40<$AH42,0.5,0)),IF($AS40,IF($AJ40>$AJ42,-0.5,IF($AJ40<$AJ42,0.5,0)),0))) -> 0 | BE40: =IF($AW40,IF(E43-G43<0,-0.5,IF(G43-E43<0,0.5,0)),IF($AR40,IF($AI40>$AI43,-0.5,IF($AI40<$AI43,0.5,0)),IF($AS40,IF($AJ40>$AJ43,-0.5, IF($AJ40<$AJ43,0.5,0)),0))) -> 0
B41: 46193.583 | C41: Toronto | D41: =+Instructions!F37 -> Germany (GER) | E41: 2 | F41: =+Instructions!F39 -> Côte d'Ivoire (CIV) | G41: 0 | J41: =Q41 -> 2 | K41: {=INDEX(U40:U43,MATCH(S41,$T40:$T43,0))} -> ECU | L41: {=INDEX(V40:V43,MATCH(S41,$T40:$T43,0))} -> 6 | M41: {=INDEX(W40:W43,MATCH(S41,$T40:$T43,0))} -> 4 | N41: {=INDEX(X40:X43,MATCH(S41,$T40:$T43,0))} -> 1 | O41: {=INDEX(Y40:Y43,MATCH(S41,$T40:$T43,0))} -> 3 | Q41: =IF(ROUND(S41,0)=ROUND(S40,0),Q40,2) -> 2 | R41: =ROUND(S41,0) -> 2 | S41: =+SMALL(T40:T43,2) -> 1.98 | T41: =SUM(AL41:AO41)+2.46 -> 3.96 | U41: =+Instructions!E38 -> CUW | V41: =SUM(Z41:AC41) -> 0 | W41: =G39+G42+E44 -> 0 | X41: =E39+E42+G44 -> 11 | Y41: =W41-X41 -> -11 | Z41: =IF(ISBLANK(G39),0,IF(AA40=3,0,IF(AA40=1,1,3))) -> 0 | AA41: x | AB41: =IF(ISBLANK(E44),0,IF(AA42=3,0,IF(AA42=1,1,3))) -> 0 | AC41: =IF(ISBLANK(G42),0,IF(G42>E42,3,IF(G42=E42,1,0))) -> 0 | AD41: =(10*(Y40-Y41)+W40-W41<0) -> FALSE | AE41: x | AF41: =10*(Y41-Y42)+W41-W42>0 -> FALSE | AG41: =10*(Y41-Y43)+W41-W43>0 -> FALSE | AH41: =10000*(Z41+AB41)+(G39-E39+E44-G44)*100+(G39+E44) -> -800 | AI41: =10000*(Z41+AC41)+(G39-E39+G42-E42)*100+(G39+G42) -> -800 | AJ41: x | AK41: =10000*(AB41+AC41)+(G42-E42+E44-G44)*100+(G42+E44) -> -600 | AL41: =-AM40 -> 0.5 | AM41: x | AN41: =IF($V41>$V42,-0.5,IF($V42>$V41,0.5,IF(AF41,-0.5,IF(AE42,0.5,BD41)))) -> 0.5 | AO41: =IF($V41>$V43,-0.5,IF($V43>$V41,0.5,IF(AG41,-0.5,IF(AE43,0.5,BE41)))) -> 0.5 | BC41: x | BD41: =IF($AX40,IF(G44-E44<0,-0.5,IF(E44-G44<0,0.5,0)),IF($AQ40,IF($AH41>$AH42,-0.5,IF($AH41<$AH42,0.5,0)),IF($AT40,IF($AK41>$AK42,-0.5,IF($AK41<$AK42,0.5,0)),0))) -> 0 | BE41: =IF($AY40,IF(E42-G42<0,-0.5,IF(G42-E42<0,0.5,0)),IF($AR40,IF($AI41>$AI43,-0.5,IF($AI41<$AI43,0.5,0)),IF($AT40,IF($AK41>$AK43,-0.5,IF($AK41<$AK43,0.5,0)),0))) -> 0
B42: 46193.75 | C42: Kansas City | D42: =+Instructions!F40 -> Ecuador (ECU) | E42: 3 | F42: =+Instructions!F38 -> Curaçao (CUW) | G42: 0 | J42: =Q42 -> 3 | K42: {=INDEX(U40:U43,MATCH(S42,$T40:$T43,0))} -> CIV | L42: {=INDEX(V40:V43,MATCH(S42,$T40:$T43,0))} -> 3 | M42: {=INDEX(W40:W43,MATCH(S42,$T40:$T43,0))} -> 3 | N42: {=INDEX(X40:X43,MATCH(S42,$T40:$T43,0))} -> 3 | O42: {=INDEX(Y40:Y43,MATCH(S42,$T40:$T43,0))} -> 0 | Q42: =IF(ROUND(S42,0)=ROUND(S41,0),Q41,3) -> 3 | R42: =ROUND(S42,0) -> 3 | S42: =+SMALL(T40:T43,3) -> 2.97 | T42: =SUM(AL42:AO42)+2.47 -> 2.97 | U42: =+Instructions!E39 -> CIV | V42: =SUM(Z42:AC42) -> 3 | W42: =E40+G41+G44 -> 3 | X42: =G40+E41+E44 -> 3 | Y42: =W42-X42 -> 0 | Z42: =IF(ISBLANK(G41),0,IF(AB40=3,0,IF(AB40=1,1,3))) -> 0 | AA42: =IF(ISBLANK(G44),0,IF(G44>E44,3,IF(G44=E44,1,0))) -> 3 | AB42: x | AC42: =IF(ISBLANK(E40),0,IF(E40>G40,3,IF(E40=G40,1,0))) -> 0 | AD42: =10*(Y40-Y42)+W40-W42<0 -> FALSE | AE42: =10*(Y41-Y42)+W41-W42<0 -> TRUE | AF42: x | AG42: =10*(Y42-Y43)+W42-W43>0 -> FALSE | AH42: =10000*(Z42+AA42)+(G41-E41+G44-E44)*100+(G41+G44) -> 30103 | AI42: x | AJ42: =10000*(Z42+AC42)+(E40-G40+G41-E41)*100+(E40+G41) -> -300 | AK42: =10000*(AA42+AC42)+(E40-G40+G44-E44)*100+(E40+G44) -> 30203 | AL42: =-AN40 -> 0.5 | AM42: =-AN41 -> -0.5 | AN42: x | AO42: =IF($V42>$V43,-0.5,IF($V43>$V42,0.5,IF(AG42,-0.5,IF(AF43,0.5,BE42)))) -> 0.5 | BD42: x | BE42: =IF($AZ40,IF(G40-E40<0,-0.5,IF(E40-G40<0,0.5,0)),IF($AS40,IF($AJ42>$AJ43,-0.5,IF($AJ42<$AJ43,0.5,0)),IF($AT40,IF($AK42>$AK43,-0.5,IF($AK42<$AK43,0.5,0)),0))) -> 0
B43: 46198.583 | C43: New Jersey | D43: =+Instructions!F40 -> Ecuador (ECU) | E43: 0 | F43: =+Instructions!F37 -> Germany (GER) | G43: 1 | J43: =Q43 -> 4 | K43: {=INDEX(U40:U43,MATCH(S43,$T40:$T43,0))} -> CUW | L43: {=INDEX(V40:V43,MATCH(S43,$T40:$T43,0))} -> 0 | M43: {=INDEX(W40:W43,MATCH(S43,$T40:$T43,0))} -> 0 | N43: {=INDEX(X40:X43,MATCH(S43,$T40:$T43,0))} -> 11 | O43: {=INDEX(Y40:Y43,MATCH(S43,$T40:$T43,0))} -> -11 | Q43: =IF(ROUND(S43,0)=ROUND(S42,0),Q42,4) -> 4 | R43: =ROUND(S43,0) -> 4 | S43: =+SMALL(T40:T43,4) -> 3.96 | T43: =SUM(AL43:AO43)+2.48 -> 1.98 | U43: =+Instructions!E40 -> ECU | V43: =SUM(Z43:AC43) -> 6 | W43: =G40+E42+E43 -> 4 | X43: =E40+G42+G43 -> 1 | Y43: =W43-X43 -> 3 | Z43: =IF(ISBLANK(E43),0,IF(AC40=3,0,IF(AC40=1,1,3))) -> 0 | AA43: =IF(ISBLANK(E42),0,IF(AC41=3,0,IF(AC41=1,1,3))) -> 3 | AB43: =IF(ISBLANK(G40),0,IF(AC42=3,0,IF(AC42=1,1,3))) -> 3 | AC43: x | AD43: =10*(Y40-Y43)+W40-W43<0 -> FALSE | AE43: =10*(Y41-Y43)+W41-W43<0 -> TRUE | AF43: =10*(Y42-Y43)+W42-W43<0 -> TRUE | AG43: x | AH43: x | AI43: =10000*(Z43+AA43)+(E42-G42+E43-G43)*100+(E42+E43) -> 30203 | AJ43: =10000*(Z43+AB43)+(E43-G43+G40-E40)*100+(E43+G40) -> 30001 | AK43: =10000*(AA43+AB43)+(E42-G42+G40-E40)*100+(E42+G40) -> 60404 | AL43: =-AO40 -> 0.5 | AM43: =-AO41 -> -0.5 | AN43: =-AO42 -> -0.5 | AO43: x | BE43: x
B44: 46198.583 | C44: Philadelphia | D44: =+Instructions!F38 -> Curaçao (CUW) | E44: 0 | F44: =+Instructions!F39 -> Côte d'Ivoire (CIV) | G44: 3 | K44: =IF(ISBLANK(G44)," ",+IF(OR(J42<3,J41<2),"TIE BREAK! Pick your qualifiers on the Knock-Out Predictions sheet"," "))
B46: Group F
B47: 46187.583 | C47: Dallas | D47: =+Instructions!F43 -> Netherlands (NED) | E47: 1 | F47: =+Instructions!F44 -> Japan (JPN) | G47: 1 | K47: Group F | L47: Pts | M47: GF | N47: GA | O47: GD | T47: Rank | U47: Team | V47: Pts | W47: GF | X47: GC | Y47: DG | Z47: Ag1 | AA47: Ag2 | AB47: Ag3 | AC47: Ag4 | AD47: Sp1 | AE47: Sp2 | AF47: Sp3 | AG47: Sp4 | AH47: T123 | AI47: T124 | AJ47: T134 | AK47: T234 | AL47: Rk1 | AM47: Rk2 | AN47: Rk3 | AO47: Rk4 | AP47: T1234 | AQ47: T123 | AR47: T124 | AS47: T134 | AT47: T234 | AU47: T12 | AV47: T13 | AW47: T14 | AX47: T23 | AY47: T24 | AZ47: T34 | BA47: NoT | BB47: sRk1 | BC47: sRk2 | BD47: sRk3 | BE47: sRk4
B48: 46187.833 | C48: Monterrey | D48: =+Instructions!F45 -> Sweden (SWE) | E48: 1 | F48: =+Instructions!F46 -> Tunisia (TUN) | G48: 0 | J48: =Q48 -> 1 | K48: {=INDEX(U48:U51,MATCH(S48,$T48:$T51,0))} -> NED | L48: {=INDEX(V48:V51,MATCH(S48,$T48:$T51,0))} -> 7 | M48: {=INDEX(W48:W51,MATCH(S48,$T48:$T51,0))} -> 4 | N48: {=INDEX(X48:X51,MATCH(S48,$T48:$T51,0))} -> 1 | O48: {=INDEX(Y48:Y51,MATCH(S48,$T48:$T51,0))} -> 3 | Q48: 1 | R48: =ROUND(S48,0) -> 1 | S48: =+SMALL(T48:T51,1) -> 0.95 | T48: =SUM(AL48:AO48)+2.45 -> 0.95 | U48: =+Instructions!E43 -> NED | V48: =SUM(Z48:AC48) -> 7 | W48: =E47+E49+G51 -> 4 | X48: =G47+G49+E51 -> 1 | Y48: =W48-X48 -> 3 | Z48: x | AA48: =IF(ISBLANK(E47),0,IF(E47>G47,3,IF(E47=G47,1,0))) -> 1 | AB48: =IF(ISBLANK(E49),0,IF(E49>G49,3,IF(E49=G49,1,0))) -> 3 | AC48: =IF(ISBLANK(G51),0,IF(G51>E51,3,IF(G51=E51,1,0))) -> 3 | AD48: x | AE48: =(10*(Y48-Y49)+W48-W49>0) -> TRUE | AF48: =10*(Y48-Y50)+W48-W50>0 -> TRUE | AG48: =10*(Y48-Y51)+W48-W51>0 -> TRUE | AH48: =10000*(AA48+AB48)+(E49-G49+E47-G47)*100+(E49+E47) -> 40102 | AI48: =10000*(AA48+AC48)+(E47-G47+G51-E51)*100+(E47+G51) -> 40203 | AJ48: =10000*(AB48+AC48)+(G51-E51+E49-G49)*100+(G51+E49) -> 60303 | AK48: x | AL48: x | AM48: =IF($V48>$V49,-0.5,IF($V49>$V48,0.5,IF(AE48,-0.5,IF(AD49,0.5,BC48)))) -> -0.5 | AN48: =IF($V48>$V50,-0.5,IF($V50>$V48,0.5,IF(AF48,-0.5,IF(AD50,0.5,BD48)))) -> -0.5 | AO48: =IF($V48>$V51,-0.5,IF($V51>$V48,0.5,IF(AG48,-0.5,IF(AD51,0.5,BE48)))) -> -0.5 | AP48: =AND(AND(V48=V49,V49=V50,V50=V51),AND(W48=W49,W49=W50,W50=W51),AND(X48=X49,X49=X50,X50=X51)) -> FALSE | AQ48: =AND(NOT(AP48),V48=V49,V48=V50,W48=W49,W48=W50,X48=X49,X48=X50) -> FALSE | AR48: =AND(NOT(AP48),V48=V49,V48=V51,W48=W49,W48=W51,X48=X49,X48=X51) -> FALSE | AS48: =AND(NOT(AP48),V48=V50,V48=V51,W48=W50,W48=W51,X48=X50,X48=X51) -> FALSE | AT48: =AND(NOT(AP48),V49=V50,V49=V51,W49=W50,W49=W51,X49=X50,X49=X51) -> FALSE | AU48: =AND(NOT(AP48),NOT(AQ48),NOT(AR48),V48=V49,W48=W49,X48=X49) -> FALSE | AV48: =AND(NOT(AP48),NOT(AQ48),NOT(AS48),V48=V50,W48=W50,X48=X50) -> FALSE | AW48: =AND(NOT(AP48),NOT(AR48),NOT(AS48),V48=V51,W48=W51,X48=X51) -> FALSE | AX48: =AND(NOT(AP48),NOT(AQ48),NOT(AT48),V49=V50,W49=W50) -> FALSE | AY48: =AND(NOT(AP48),NOT(AR48),NOT(AT48),V49=V51,W49=W51,X49=X51) -> FALSE | AZ48: =AND(NOT(AP48),NOT(AS48),NOT(AT48),V50=V51,W50=W51,X50=X51) -> FALSE | BA48: {=AND(NOT(AP48:AZ48))} -> TRUE | BB48: x | BC48: =IF($AU48,IF(G47-E47<0,-0.5,IF(E47-G47<0,0.5,0)),IF($AQ48,IF($AH48>$AH49,-0.5,IF($AH48<$AH49,0.5,0)),IF($AR48,IF($AI48>$AI49,-0.5, IF($AI48<$AI49,0.5,0)),0))) -> 0 | BD48: =IF($AV48,IF(G49-E49<0,-0.5,IF(E49-G49<0,0.5,0)),IF($AQ48,IF($AH48>$AH50,-0.5,IF($AH48<$AH50,0.5,0)),IF($AS48,IF($AJ48>$AJ50,-0.5,IF($AJ48<$AJ50,0.5,0)),0))) -> 0 | BE48: =IF($AW48,IF(E51-G51<0,-0.5,IF(G51-E51<0,0.5,0)),IF($AR48,IF($AI48>$AI51,-0.5,IF($AI48<$AI51,0.5,0)),IF($AS48,IF($AJ48>$AJ51,-0.5, IF($AJ48<$AJ51,0.5,0)),0))) -> 0
B49: 46193.458 | C49: Houston | D49: =+Instructions!F43 -> Netherlands (NED) | E49: 1 | F49: =+Instructions!F45 -> Sweden (SWE) | G49: 0 | J49: =Q49 -> 2 | K49: {=INDEX(U48:U51,MATCH(S49,$T48:$T51,0))} -> JPN | L49: {=INDEX(V48:V51,MATCH(S49,$T48:$T51,0))} -> 7 | M49: {=INDEX(W48:W51,MATCH(S49,$T48:$T51,0))} -> 3 | N49: {=INDEX(X48:X51,MATCH(S49,$T48:$T51,0))} -> 1 | O49: {=INDEX(Y48:Y51,MATCH(S49,$T48:$T51,0))} -> 2 | Q49: =IF(ROUND(S49,0)=ROUND(S48,0),Q48,2) -> 2 | R49: =ROUND(S49,0) -> 2 | S49: =+SMALL(T48:T51,2) -> 1.96 | T49: =SUM(AL49:AO49)+2.46 -> 1.96 | U49: =+Instructions!E44 -> JPN | V49: =SUM(Z49:AC49) -> 7 | W49: =G47+G50+E52 -> 3 | X49: =E47+E50+G52 -> 1 | Y49: =W49-X49 -> 2 | Z49: =IF(ISBLANK(G47),0,IF(AA48=3,0,IF(AA48=1,1,3))) -> 1 | AA49: x | AB49: =IF(ISBLANK(E52),0,IF(AA50=3,0,IF(AA50=1,1,3))) -> 3 | AC49: =IF(ISBLANK(G50),0,IF(G50>E50,3,IF(G50=E50,1,0))) -> 3 | AD49: =(10*(Y48-Y49)+W48-W49<0) -> FALSE | AE49: x | AF49: =10*(Y49-Y50)+W49-W50>0 -> TRUE | AG49: =10*(Y49-Y51)+W49-W51>0 -> TRUE | AH49: =10000*(Z49+AB49)+(G47-E47+E52-G52)*100+(G47+E52) -> 40102 | AI49: =10000*(Z49+AC49)+(G47-E47+G50-E50)*100+(G47+G50) -> 40102 | AJ49: x | AK49: =10000*(AB49+AC49)+(G50-E50+E52-G52)*100+(G50+E52) -> 60202 | AL49: =-AM48 -> 0.5 | AM49: x | AN49: =IF($V49>$V50,-0.5,IF($V50>$V49,0.5,IF(AF49,-0.5,IF(AE50,0.5,BD49)))) -> -0.5 | AO49: =IF($V49>$V51,-0.5,IF($V51>$V49,0.5,IF(AG49,-0.5,IF(AE51,0.5,BE49)))) -> -0.5 | BC49: x | BD49: =IF($AX48,IF(G52-E52<0,-0.5,IF(E52-G52<0,0.5,0)),IF($AQ48,IF($AH49>$AH50,-0.5,IF($AH49<$AH50,0.5,0)),IF($AT48,IF($AK49>$AK50,-0.5,IF($AK49<$AK50,0.5,0)),0))) -> 0 | BE49: =IF($AY48,IF(E50-G50<0,-0.5,IF(G50-E50<0,0.5,0)),IF($AR48,IF($AI49>$AI51,-0.5,IF($AI49<$AI51,0.5,0)),IF($AT48,IF($AK49>$AK51,-0.5,IF($AK49<$AK51,0.5,0)),0))) -> 0
B50: 46193.917 | C50: Monterrey | D50: =+Instructions!F46 -> Tunisia (TUN) | E50: 0 | F50: =+Instructions!F44 -> Japan (JPN) | G50: 1 | J50: =Q50 -> 3 | K50: {=INDEX(U48:U51,MATCH(S50,$T48:$T51,0))} -> SWE | L50: {=INDEX(V48:V51,MATCH(S50,$T48:$T51,0))} -> 3 | M50: {=INDEX(W48:W51,MATCH(S50,$T48:$T51,0))} -> 1 | N50: {=INDEX(X48:X51,MATCH(S50,$T48:$T51,0))} -> 2 | O50: {=INDEX(Y48:Y51,MATCH(S50,$T48:$T51,0))} -> -1 | Q50: =IF(ROUND(S50,0)=ROUND(S49,0),Q49,3) -> 3 | R50: =ROUND(S50,0) -> 3 | S50: =+SMALL(T48:T51,3) -> 2.97 | T50: =SUM(AL50:AO50)+2.47 -> 2.97 | U50: =+Instructions!E45 -> SWE | V50: =SUM(Z50:AC50) -> 3 | W50: =E48+G49+G52 -> 1 | X50: =G48+E49+E52 -> 2 | Y50: =W50-X50 -> -1 | Z50: =IF(ISBLANK(G49),0,IF(AB48=3,0,IF(AB48=1,1,3))) -> 0 | AA50: =IF(ISBLANK(G52),0,IF(G52>E52,3,IF(G52=E52,1,0))) -> 0 | AB50: x | AC50: =IF(ISBLANK(E48),0,IF(E48>G48,3,IF(E48=G48,1,0))) -> 3 | AD50: =10*(Y48-Y50)+W48-W50<0 -> FALSE | AE50: =10*(Y49-Y50)+W49-W50<0 -> FALSE | AF50: x | AG50: =10*(Y50-Y51)+W50-W51>0 -> TRUE | AH50: =10000*(Z50+AA50)+(G49-E49+G52-E52)*100+(G49+G52) -> -200 | AI50: x | AJ50: =10000*(Z50+AC50)+(E48-G48+G49-E49)*100+(E48+G49) -> 30001 | AK50: =10000*(AA50+AC50)+(E48-G48+G52-E52)*100+(E48+G52) -> 30001 | AL50: =-AN48 -> 0.5 | AM50: =-AN49 -> 0.5 | AN50: x | AO50: =IF($V50>$V51,-0.5,IF($V51>$V50,0.5,IF(AG50,-0.5,IF(AF51,0.5,BE50)))) -> -0.5 | BD50: x | BE50: =IF($AZ48,IF(G48-E48<0,-0.5,IF(E48-G48<0,0.5,0)),IF($AS48,IF($AJ50>$AJ51,-0.5,IF($AJ50<$AJ51,0.5,0)),IF($AT48,IF($AK50>$AK51,-0.5,IF($AK50<$AK51,0.5,0)),0))) -> 0
B51: 46198.708 | C51: Kansas City | D51: =+Instructions!F46 -> Tunisia (TUN) | E51: 0 | F51: =+Instructions!F43 -> Netherlands (NED) | G51: 2 | J51: =Q51 -> 4 | K51: {=INDEX(U48:U51,MATCH(S51,$T48:$T51,0))} -> TUN | L51: {=INDEX(V48:V51,MATCH(S51,$T48:$T51,0))} -> 0 | M51: {=INDEX(W48:W51,MATCH(S51,$T48:$T51,0))} -> 0 | N51: {=INDEX(X48:X51,MATCH(S51,$T48:$T51,0))} -> 4 | O51: {=INDEX(Y48:Y51,MATCH(S51,$T48:$T51,0))} -> -4 | Q51: =IF(ROUND(S51,0)=ROUND(S50,0),Q50,4) -> 4 | R51: =ROUND(S51,0) -> 4 | S51: =+SMALL(T48:T51,4) -> 3.98 | T51: =SUM(AL51:AO51)+2.48 -> 3.98 | U51: =+Instructions!E46 -> TUN | V51: =SUM(Z51:AC51) -> 0 | W51: =G48+E50+E51 -> 0 | X51: =E48+G50+G51 -> 4 | Y51: =W51-X51 -> -4 | Z51: =IF(ISBLANK(E51),0,IF(AC48=3,0,IF(AC48=1,1,3))) -> 0 | AA51: =IF(ISBLANK(E50),0,IF(AC49=3,0,IF(AC49=1,1,3))) -> 0 | AB51: =IF(ISBLANK(G48),0,IF(AC50=3,0,IF(AC50=1,1,3))) -> 0 | AC51: x | AD51: =10*(Y48-Y51)+W48-W51<0 -> FALSE | AE51: =10*(Y49-Y51)+W49-W51<0 -> FALSE | AF51: =10*(Y50-Y51)+W50-W51<0 -> FALSE | AG51: x | AH51: x | AI51: =10000*(Z51+AA51)+(E50-G50+E51-G51)*100+(E50+E51) -> -300 | AJ51: =10000*(Z51+AB51)+(E51-G51+G48-E48)*100+(E51+G48) -> -300 | AK51: =10000*(AA51+AB51)+(E50-G50+G48-E48)*100+(E50+G48) -> -200 | AL51: =-AO48 -> 0.5 | AM51: =-AO49 -> 0.5 | AN51: =-AO50 -> 0.5 | AO51: x | BE51: x
B52: 46198.708 | C52: Dallas | D52: =+Instructions!F44 -> Japan (JPN) | E52: 1 | F52: =+Instructions!F45 -> Sweden (SWE) | G52: 0 | K52: =IF(ISBLANK(G52)," ",+IF(OR(J50<3,J49<2),"TIE BREAK! Pick your qualifiers on the Knock-Out Predictions sheet"," "))
B54: Group G
B55: 46188.542 | C55: Seattle | D55: =+Instructions!H13 -> Belgium (BEL) | E55: 1 | F55: =+Instructions!H14 -> Egypt (EGY) | G55: 0 | K55: Group G | L55: Pts | M55: GF | N55: GA | O55: GD | T55: Rank | U55: Team | V55: Pts | W55: GF | X55: GC | Y55: DG | Z55: Ag1 | AA55: Ag2 | AB55: Ag3 | AC55: Ag4 | AD55: Sp1 | AE55: Sp2 | AF55: Sp3 | AG55: Sp4 | AH55: T123 | AI55: T124 | AJ55: T134 | AK55: T234 | AL55: Rk1 | AM55: Rk2 | AN55: Rk3 | AO55: Rk4 | AP55: T1234 | AQ55: T123 | AR55: T124 | AS55: T134 | AT55: T234 | AU55: T12 | AV55: T13 | AW55: T14 | AX55: T23 | AY55: T24 | AZ55: T34 | BA55: NoT | BB55: sRk1 | BC55: sRk2 | BD55: sRk3 | BE55: sRk4
B56: 46188.792 | C56: Los Angeles | D56: =+Instructions!H15 -> Iran (IRN) | E56: 0 | F56: =+Instructions!H16 -> New Zealand (NZL) | G56: 0 | J56: =Q56 -> 1 | K56: {=INDEX(U56:U59,MATCH(S56,$T56:$T59,0))} -> BEL | L56: {=INDEX(V56:V59,MATCH(S56,$T56:$T59,0))} -> 9 | M56: {=INDEX(W56:W59,MATCH(S56,$T56:$T59,0))} -> 4 | N56: {=INDEX(X56:X59,MATCH(S56,$T56:$T59,0))} -> 0 | O56: {=INDEX(Y56:Y59,MATCH(S56,$T56:$T59,0))} -> 4 | Q56: 1 | R56: =ROUND(S56,0) -> 1 | S56: =+SMALL(T56:T59,1) -> 0.95 | T56: =SUM(AL56:AO56)+2.45 -> 0.95 | U56: =+Instructions!I13 -> BEL | V56: =SUM(Z56:AC56) -> 9 | W56: =E55+E57+G59 -> 4 | X56: =G55+G57+E59 -> 0 | Y56: =W56-X56 -> 4 | Z56: x | AA56: =IF(ISBLANK(E55),0,IF(E55>G55,3,IF(E55=G55,1,0))) -> 3 | AB56: =IF(ISBLANK(E57),0,IF(E57>G57,3,IF(E57=G57,1,0))) -> 3 | AC56: =IF(ISBLANK(G59),0,IF(G59>E59,3,IF(G59=E59,1,0))) -> 3 | AD56: x | AE56: =(10*(Y56-Y57)+W56-W57>0) -> TRUE | AF56: =10*(Y56-Y58)+W56-W58>0 -> TRUE | AG56: =10*(Y56-Y59)+W56-W59>0 -> TRUE | AH56: =10000*(AA56+AB56)+(E57-G57+E55-G55)*100+(E57+E55) -> 60202 | AI56: =10000*(AA56+AC56)+(E55-G55+G59-E59)*100+(E55+G59) -> 60303 | AJ56: =10000*(AB56+AC56)+(G59-E59+E57-G57)*100+(G59+E57) -> 60303 | AK56: x | AL56: x | AM56: =IF($V56>$V57,-0.5,IF($V57>$V56,0.5,IF(AE56,-0.5,IF(AD57,0.5,BC56)))) -> -0.5 | AN56: =IF($V56>$V58,-0.5,IF($V58>$V56,0.5,IF(AF56,-0.5,IF(AD58,0.5,BD56)))) -> -0.5 | AO56: =IF($V56>$V59,-0.5,IF($V59>$V56,0.5,IF(AG56,-0.5,IF(AD59,0.5,BE56)))) -> -0.5 | AP56: =AND(AND(V56=V57,V57=V58,V58=V59),AND(W56=W57,W57=W58,W58=W59),AND(X56=X57,X57=X58,X58=X59)) -> FALSE | AQ56: =AND(NOT(AP56),V56=V57,V56=V58,W56=W57,W56=W58,X56=X57,X56=X58) -> FALSE | AR56: =AND(NOT(AP56),V56=V57,V56=V59,W56=W57,W56=W59,X56=X57,X56=X59) -> FALSE | AS56: =AND(NOT(AP56),V56=V58,V56=V59,W56=W58,W56=W59,X56=X58,X56=X59) -> FALSE | AT56: =AND(NOT(AP56),V57=V58,V57=V59,W57=W58,W57=W59,X57=X58,X57=X59) -> FALSE | AU56: =AND(NOT(AP56),NOT(AQ56),NOT(AR56),V56=V57,W56=W57,X56=X57) -> FALSE | AV56: =AND(NOT(AP56),NOT(AQ56),NOT(AS56),V56=V58,W56=W58,X56=X58) -> FALSE | AW56: =AND(NOT(AP56),NOT(AR56),NOT(AS56),V56=V59,W56=W59,X56=X59) -> FALSE | AX56: =AND(NOT(AP56),NOT(AQ56),NOT(AT56),V57=V58,W57=W58) -> FALSE | AY56: =AND(NOT(AP56),NOT(AR56),NOT(AT56),V57=V59,W57=W59,X57=X59) -> FALSE | AZ56: =AND(NOT(AP56),NOT(AS56),NOT(AT56),V58=V59,W58=W59,X58=X59) -> FALSE | BA56: {=AND(NOT(AP56:AZ56))} -> TRUE | BB56: x | BC56: =IF($AU56,IF(G55-E55<0,-0.5,IF(E55-G55<0,0.5,0)),IF($AQ56,IF($AH56>$AH57,-0.5,IF($AH56<$AH57,0.5,0)),IF($AR56,IF($AI56>$AI57,-0.5, IF($AI56<$AI57,0.5,0)),0))) -> 0 | BD56: =IF($AV56,IF(G57-E57<0,-0.5,IF(E57-G57<0,0.5,0)),IF($AQ56,IF($AH56>$AH58,-0.5,IF($AH56<$AH58,0.5,0)),IF($AS56,IF($AJ56>$AJ58,-0.5,IF($AJ56<$AJ58,0.5,0)),0))) -> 0 | BE56: =IF($AW56,IF(E59-G59<0,-0.5,IF(G59-E59<0,0.5,0)),IF($AR56,IF($AI56>$AI59,-0.5,IF($AI56<$AI59,0.5,0)),IF($AS56,IF($AJ56>$AJ59,-0.5, IF($AJ56<$AJ59,0.5,0)),0))) -> 0
B57: 46194.542 | C57: Los Angeles | D57: =+Instructions!H13 -> Belgium (BEL) | E57: 1 | F57: =+Instructions!H15 -> Iran (IRN) | G57: 0 | J57: =Q57 -> 2 | K57: {=INDEX(U56:U59,MATCH(S57,$T56:$T59,0))} -> EGY | L57: {=INDEX(V56:V59,MATCH(S57,$T56:$T59,0))} -> 6 | M57: {=INDEX(W56:W59,MATCH(S57,$T56:$T59,0))} -> 2 | N57: {=INDEX(X56:X59,MATCH(S57,$T56:$T59,0))} -> 1 | O57: {=INDEX(Y56:Y59,MATCH(S57,$T56:$T59,0))} -> 1 | Q57: =IF(ROUND(S57,0)=ROUND(S56,0),Q56,2) -> 2 | R57: =ROUND(S57,0) -> 2 | S57: =+SMALL(T56:T59,2) -> 1.96 | T57: =SUM(AL57:AO57)+2.46 -> 1.96 | U57: =+Instructions!I14 -> EGY | V57: =SUM(Z57:AC57) -> 6 | W57: =G55+G58+E60 -> 2 | X57: =E55+E58+G60 -> 1 | Y57: =W57-X57 -> 1 | Z57: =IF(ISBLANK(G55),0,IF(AA56=3,0,IF(AA56=1,1,3))) -> 0 | AA57: x | AB57: =IF(ISBLANK(E60),0,IF(AA58=3,0,IF(AA58=1,1,3))) -> 3 | AC57: =IF(ISBLANK(G58),0,IF(G58>E58,3,IF(G58=E58,1,0))) -> 3 | AD57: =(10*(Y56-Y57)+W56-W57<0) -> FALSE | AE57: x | AF57: =10*(Y57-Y58)+W57-W58>0 -> TRUE | AG57: =10*(Y57-Y59)+W57-W59>0 -> TRUE | AH57: =10000*(Z57+AB57)+(G55-E55+E60-G60)*100+(G55+E60) -> 30001 | AI57: =10000*(Z57+AC57)+(G55-E55+G58-E58)*100+(G55+G58) -> 30001 | AJ57: x | AK57: =10000*(AB57+AC57)+(G58-E58+E60-G60)*100+(G58+E60) -> 60202 | AL57: =-AM56 -> 0.5 | AM57: x | AN57: =IF($V57>$V58,-0.5,IF($V58>$V57,0.5,IF(AF57,-0.5,IF(AE58,0.5,BD57)))) -> -0.5 | AO57: =IF($V57>$V59,-0.5,IF($V59>$V57,0.5,IF(AG57,-0.5,IF(AE59,0.5,BE57)))) -> -0.5 | BC57: x | BD57: =IF($AX56,IF(G60-E60<0,-0.5,IF(E60-G60<0,0.5,0)),IF($AQ56,IF($AH57>$AH58,-0.5,IF($AH57<$AH58,0.5,0)),IF($AT56,IF($AK57>$AK58,-0.5,IF($AK57<$AK58,0.5,0)),0))) -> 0 | BE57: =IF($AY56,IF(E58-G58<0,-0.5,IF(G58-E58<0,0.5,0)),IF($AR56,IF($AI57>$AI59,-0.5,IF($AI57<$AI59,0.5,0)),IF($AT56,IF($AK57>$AK59,-0.5,IF($AK57<$AK59,0.5,0)),0))) -> 0
B58: 46194.792 | C58: Vancouver | D58: =+Instructions!H16 -> New Zealand (NZL) | E58: 0 | F58: =+Instructions!H14 -> Egypt (EGY) | G58: 1 | J58: =Q58 -> 3 | K58: {=INDEX(U56:U59,MATCH(S58,$T56:$T59,0))} -> IRN | L58: {=INDEX(V56:V59,MATCH(S58,$T56:$T59,0))} -> 1 | M58: {=INDEX(W56:W59,MATCH(S58,$T56:$T59,0))} -> 0 | N58: {=INDEX(X56:X59,MATCH(S58,$T56:$T59,0))} -> 2 | O58: {=INDEX(Y56:Y59,MATCH(S58,$T56:$T59,0))} -> -2 | Q58: =IF(ROUND(S58,0)=ROUND(S57,0),Q57,3) -> 3 | R58: =ROUND(S58,0) -> 3 | S58: =+SMALL(T56:T59,3) -> 2.97 | T58: =SUM(AL58:AO58)+2.47 -> 2.97 | U58: =+Instructions!I15 -> IRN | V58: =SUM(Z58:AC58) -> 1 | W58: =E56+G57+G60 -> 0 | X58: =G56+E57+E60 -> 2 | Y58: =W58-X58 -> -2 | Z58: =IF(ISBLANK(G57),0,IF(AB56=3,0,IF(AB56=1,1,3))) -> 0 | AA58: =IF(ISBLANK(G60),0,IF(G60>E60,3,IF(G60=E60,1,0))) -> 0 | AB58: x | AC58: =IF(ISBLANK(E56),0,IF(E56>G56,3,IF(E56=G56,1,0))) -> 1 | AD58: =10*(Y56-Y58)+W56-W58<0 -> FALSE | AE58: =10*(Y57-Y58)+W57-W58<0 -> FALSE | AF58: x | AG58: =10*(Y58-Y59)+W58-W59>0 -> TRUE | AH58: =10000*(Z58+AA58)+(G57-E57+G60-E60)*100+(G57+G60) -> -200 | AI58: x | AJ58: =10000*(Z58+AC58)+(E56-G56+G57-E57)*100+(E56+G57) -> 9900 | AK58: =10000*(AA58+AC58)+(E56-G56+G60-E60)*100+(E56+G60) -> 9900 | AL58: =-AN56 -> 0.5 | AM58: =-AN57 -> 0.5 | AN58: x | AO58: =IF($V58>$V59,-0.5,IF($V59>$V58,0.5,IF(AG58,-0.5,IF(AF59,0.5,BE58)))) -> -0.5 | BD58: x | BE58: =IF($AZ56,IF(G56-E56<0,-0.5,IF(E56-G56<0,0.5,0)),IF($AS56,IF($AJ58>$AJ59,-0.5,IF($AJ58<$AJ59,0.5,0)),IF($AT56,IF($AK58>$AK59,-0.5,IF($AK58<$AK59,0.5,0)),0))) -> 0
B59: 46199.875 | C59: Vancouver | D59: =+Instructions!H16 -> New Zealand (NZL) | E59: 0 | F59: =+Instructions!H13 -> Belgium (BEL) | G59: 2 | J59: =Q59 -> 4 | K59: {=INDEX(U56:U59,MATCH(S59,$T56:$T59,0))} -> NZL | L59: {=INDEX(V56:V59,MATCH(S59,$T56:$T59,0))} -> 1 | M59: {=INDEX(W56:W59,MATCH(S59,$T56:$T59,0))} -> 0 | N59: {=INDEX(X56:X59,MATCH(S59,$T56:$T59,0))} -> 3 | O59: {=INDEX(Y56:Y59,MATCH(S59,$T56:$T59,0))} -> -3 | Q59: =IF(ROUND(S59,0)=ROUND(S58,0),Q58,4) -> 4 | R59: =ROUND(S59,0) -> 4 | S59: =+SMALL(T56:T59,4) -> 3.98 | T59: =SUM(AL59:AO59)+2.48 -> 3.98 | U59: =+Instructions!I16 -> NZL | V59: =SUM(Z59:AC59) -> 1 | W59: =G56+E58+E59 -> 0 | X59: =E56+G58+G59 -> 3 | Y59: =W59-X59 -> -3 | Z59: =IF(ISBLANK(E59),0,IF(AC56=3,0,IF(AC56=1,1,3))) -> 0 | AA59: =IF(ISBLANK(E58),0,IF(AC57=3,0,IF(AC57=1,1,3))) -> 0 | AB59: =IF(ISBLANK(G56),0,IF(AC58=3,0,IF(AC58=1,1,3))) -> 1 | AC59: x | AD59: =10*(Y56-Y59)+W56-W59<0 -> FALSE | AE59: =10*(Y57-Y59)+W57-W59<0 -> FALSE | AF59: =10*(Y58-Y59)+W58-W59<0 -> FALSE | AG59: x | AH59: x | AI59: =10000*(Z59+AA59)+(E58-G58+E59-G59)*100+(E58+E59) -> -300 | AJ59: =10000*(Z59+AB59)+(E59-G59+G56-E56)*100+(E59+G56) -> 9800 | AK59: =10000*(AA59+AB59)+(E58-G58+G56-E56)*100+(E58+G56) -> 9900 | AL59: =-AO56 -> 0.5 | AM59: =-AO57 -> 0.5 | AN59: =-AO58 -> 0.5 | AO59: x | BE59: x
B60: 46199.875 | C60: Seattle | D60: =+Instructions!H14 -> Egypt (EGY) | E60: 1 | F60: =+Instructions!H15 -> Iran (IRN) | G60: 0 | K60: =IF(ISBLANK(G60)," ",+IF(OR(J58<3,J57<2),"TIE BREAK! Pick your qualifiers on the Knock-Out Predictions sheet"," "))
B62: Group H
B63: 46188.417 | C63: Atlanta | D63: =+Instructions!H19 -> Spain (ESP) | E63: 5 | F63: =+Instructions!H20 -> Cape Verde (CPV) | G63: 0 | K63: Group H | L63: Pts | M63: GF | N63: GA | O63: GD | T63: Rank | U63: Team | V63: Pts | W63: GF | X63: GC | Y63: DG | Z63: Ag1 | AA63: Ag2 | AB63: Ag3 | AC63: Ag4 | AD63: Sp1 | AE63: Sp2 | AF63: Sp3 | AG63: Sp4 | AH63: T123 | AI63: T124 | AJ63: T134 | AK63: T234 | AL63: Rk1 | AM63: Rk2 | AN63: Rk3 | AO63: Rk4 | AP63: T1234 | AQ63: T123 | AR63: T124 | AS63: T134 | AT63: T234 | AU63: T12 | AV63: T13 | AW63: T14 | AX63: T23 | AY63: T24 | AZ63: T34 | BA63: NoT | BB63: sRk1 | BC63: sRk2 | BD63: sRk3 | BE63: sRk4
B64: 46188.667 | C64: Miami | D64: =+Instructions!H21 -> Saudi Arabia (KSA) | E64: 0 | F64: =+Instructions!H22 -> Uruguay (URU) | G64: 1 | J64: =Q64 -> 1 | K64: {=INDEX(U64:U67,MATCH(S64,$T64:$T67,0))} -> ESP | L64: {=INDEX(V64:V67,MATCH(S64,$T64:$T67,0))} -> 9 | M64: {=INDEX(W64:W67,MATCH(S64,$T64:$T67,0))} -> 10 | N64: {=INDEX(X64:X67,MATCH(S64,$T64:$T67,0))} -> 0 | O64: {=INDEX(Y64:Y67,MATCH(S64,$T64:$T67,0))} -> 10 | Q64: 1 | R64: =ROUND(S64,0) -> 1 | S64: =+SMALL(T64:T67,1) -> 0.95 | T64: =SUM(AL64:AO64)+2.45 -> 0.95 | U64: =+Instructions!I19 -> ESP | V64: =SUM(Z64:AC64) -> 9 | W64: =E63+E65+G67 -> 10 | X64: =G63+G65+E67 -> 0 | Y64: =W64-X64 -> 10 | Z64: x | AA64: =IF(ISBLANK(E63),0,IF(E63>G63,3,IF(E63=G63,1,0))) -> 3 | AB64: =IF(ISBLANK(E65),0,IF(E65>G65,3,IF(E65=G65,1,0))) -> 3 | AC64: =IF(ISBLANK(G67),0,IF(G67>E67,3,IF(G67=E67,1,0))) -> 3 | AD64: x | AE64: =(10*(Y64-Y65)+W64-W65>0) -> TRUE | AF64: =10*(Y64-Y66)+W64-W66>0 -> TRUE | AG64: =10*(Y64-Y67)+W64-W67>0 -> TRUE | AH64: =10000*(AA64+AB64)+(E65-G65+E63-G63)*100+(E65+E63) -> 60909 | AI64: =10000*(AA64+AC64)+(E63-G63+G67-E67)*100+(E63+G67) -> 60606 | AJ64: =10000*(AB64+AC64)+(G67-E67+E65-G65)*100+(G67+E65) -> 60505 | AK64: x | AL64: x | AM64: =IF($V64>$V65,-0.5,IF($V65>$V64,0.5,IF(AE64,-0.5,IF(AD65,0.5,BC64)))) -> -0.5 | AN64: =IF($V64>$V66,-0.5,IF($V66>$V64,0.5,IF(AF64,-0.5,IF(AD66,0.5,BD64)))) -> -0.5 | AO64: =IF($V64>$V67,-0.5,IF($V67>$V64,0.5,IF(AG64,-0.5,IF(AD67,0.5,BE64)))) -> -0.5 | AP64: =AND(AND(V64=V65,V65=V66,V66=V67),AND(W64=W65,W65=W66,W66=W67),AND(X64=X65,X65=X66,X66=X67)) -> FALSE | AQ64: =AND(NOT(AP64),V64=V65,V64=V66,W64=W65,W64=W66,X64=X65,X64=X66) -> FALSE | AR64: =AND(NOT(AP64),V64=V65,V64=V67,W64=W65,W64=W67,X64=X65,X64=X67) -> FALSE | AS64: =AND(NOT(AP64),V64=V66,V64=V67,W64=W66,W64=W67,X64=X66,X64=X67) -> FALSE | AT64: =AND(NOT(AP64),V65=V66,V65=V67,W65=W66,W65=W67,X65=X66,X65=X67) -> FALSE | AU64: =AND(NOT(AP64),NOT(AQ64),NOT(AR64),V64=V65,W64=W65,X64=X65) -> FALSE | AV64: =AND(NOT(AP64),NOT(AQ64),NOT(AS64),V64=V66,W64=W66,X64=X66) -> FALSE | AW64: =AND(NOT(AP64),NOT(AR64),NOT(AS64),V64=V67,W64=W67,X64=X67) -> FALSE | AX64: =AND(NOT(AP64),NOT(AQ64),NOT(AT64),V65=V66,W65=W66) -> TRUE | AY64: =AND(NOT(AP64),NOT(AR64),NOT(AT64),V65=V67,W65=W67,X65=X67) -> FALSE | AZ64: =AND(NOT(AP64),NOT(AS64),NOT(AT64),V66=V67,W66=W67,X66=X67) -> FALSE | BA64: {=AND(NOT(AP64:AZ64))} -> FALSE | BB64: x | BC64: =IF($AU64,IF(G63-E63<0,-0.5,IF(E63-G63<0,0.5,0)),IF($AQ64,IF($AH64>$AH65,-0.5,IF($AH64<$AH65,0.5,0)),IF($AR64,IF($AI64>$AI65,-0.5, IF($AI64<$AI65,0.5,0)),0))) -> 0 | BD64: =IF($AV64,IF(G65-E65<0,-0.5,IF(E65-G65<0,0.5,0)),IF($AQ64,IF($AH64>$AH66,-0.5,IF($AH64<$AH66,0.5,0)),IF($AS64,IF($AJ64>$AJ66,-0.5,IF($AJ64<$AJ66,0.5,0)),0))) -> 0 | BE64: =IF($AW64,IF(E67-G67<0,-0.5,IF(G67-E67<0,0.5,0)),IF($AR64,IF($AI64>$AI67,-0.5,IF($AI64<$AI67,0.5,0)),IF($AS64,IF($AJ64>$AJ67,-0.5, IF($AJ64<$AJ67,0.5,0)),0))) -> 0
B65: 46194.417 | C65: Atlanta | D65: =+Instructions!H19 -> Spain (ESP) | E65: 4 | F65: =+Instructions!H21 -> Saudi Arabia (KSA) | G65: 0 | J65: =Q65 -> 2 | K65: {=INDEX(U64:U67,MATCH(S65,$T64:$T67,0))} -> URU | L65: {=INDEX(V64:V67,MATCH(S65,$T64:$T67,0))} -> 6 | M65: {=INDEX(W64:W67,MATCH(S65,$T64:$T67,0))} -> 3 | N65: {=INDEX(X64:X67,MATCH(S65,$T64:$T67,0))} -> 1 | O65: {=INDEX(Y64:Y67,MATCH(S65,$T64:$T67,0))} -> 2 | Q65: =IF(ROUND(S65,0)=ROUND(S64,0),Q64,2) -> 2 | R65: =ROUND(S65,0) -> 2 | S65: =+SMALL(T64:T67,2) -> 1.98 | T65: =SUM(AL65:AO65)+2.46 -> 3.96 | U65: =+Instructions!I20 -> CPV | V65: =SUM(Z65:AC65) -> 1 | W65: =G63+G66+E68 -> 0 | X65: =E63+E66+G68 -> 7 | Y65: =W65-X65 -> -7 | Z65: =IF(ISBLANK(G63),0,IF(AA64=3,0,IF(AA64=1,1,3))) -> 0 | AA65: x | AB65: =IF(ISBLANK(E68),0,IF(AA66=3,0,IF(AA66=1,1,3))) -> 1 | AC65: =IF(ISBLANK(G66),0,IF(G66>E66,3,IF(G66=E66,1,0))) -> 0 | AD65: =(10*(Y64-Y65)+W64-W65<0) -> FALSE | AE65: x | AF65: =10*(Y65-Y66)+W65-W66>0 -> FALSE | AG65: =10*(Y65-Y67)+W65-W67>0 -> FALSE | AH65: =10000*(Z65+AB65)+(G63-E63+E68-G68)*100+(G63+E68) -> 9500 | AI65: =10000*(Z65+AC65)+(G63-E63+G66-E66)*100+(G63+G66) -> -700 | AJ65: x | AK65: =10000*(AB65+AC65)+(G66-E66+E68-G68)*100+(G66+E68) -> 9800 | AL65: =-AM64 -> 0.5 | AM65: x | AN65: =IF($V65>$V66,-0.5,IF($V66>$V65,0.5,IF(AF65,-0.5,IF(AE66,0.5,BD65)))) -> 0.5 | AO65: =IF($V65>$V67,-0.5,IF($V67>$V65,0.5,IF(AG65,-0.5,IF(AE67,0.5,BE65)))) -> 0.5 | BC65: x | BD65: =IF($AX64,IF(G68-E68<0,-0.5,IF(E68-G68<0,0.5,0)),IF($AQ64,IF($AH65>$AH66,-0.5,IF($AH65<$AH66,0.5,0)),IF($AT64,IF($AK65>$AK66,-0.5,IF($AK65<$AK66,0.5,0)),0))) -> 0 | BE65: =IF($AY64,IF(E66-G66<0,-0.5,IF(G66-E66<0,0.5,0)),IF($AR64,IF($AI65>$AI67,-0.5,IF($AI65<$AI67,0.5,0)),IF($AT64,IF($AK65>$AK67,-0.5,IF($AK65<$AK67,0.5,0)),0))) -> 0
B66: 46194.667 | C66: Miami | D66: =+Instructions!H22 -> Uruguay (URU) | E66: 2 | F66: =+Instructions!H20 -> Cape Verde (CPV) | G66: 0 | J66: =Q66 -> 3 | K66: {=INDEX(U64:U67,MATCH(S66,$T64:$T67,0))} -> KSA | L66: {=INDEX(V64:V67,MATCH(S66,$T64:$T67,0))} -> 1 | M66: {=INDEX(W64:W67,MATCH(S66,$T64:$T67,0))} -> 0 | N66: {=INDEX(X64:X67,MATCH(S66,$T64:$T67,0))} -> 5 | O66: {=INDEX(Y64:Y67,MATCH(S66,$T64:$T67,0))} -> -5 | Q66: =IF(ROUND(S66,0)=ROUND(S65,0),Q65,3) -> 3 | R66: =ROUND(S66,0) -> 3 | S66: =+SMALL(T64:T67,3) -> 2.97 | T66: =SUM(AL66:AO66)+2.47 -> 2.97 | U66: =+Instructions!I21 -> KSA | V66: =SUM(Z66:AC66) -> 1 | W66: =E64+G65+G68 -> 0 | X66: =G64+E65+E68 -> 5 | Y66: =W66-X66 -> -5 | Z66: =IF(ISBLANK(G65),0,IF(AB64=3,0,IF(AB64=1,1,3))) -> 0 | AA66: =IF(ISBLANK(G68),0,IF(G68>E68,3,IF(G68=E68,1,0))) -> 1 | AB66: x | AC66: =IF(ISBLANK(E64),0,IF(E64>G64,3,IF(E64=G64,1,0))) -> 0 | AD66: =10*(Y64-Y66)+W64-W66<0 -> FALSE | AE66: =10*(Y65-Y66)+W65-W66<0 -> TRUE | AF66: x | AG66: =10*(Y66-Y67)+W66-W67>0 -> FALSE | AH66: =10000*(Z66+AA66)+(G65-E65+G68-E68)*100+(G65+G68) -> 9600 | AI66: x | AJ66: =10000*(Z66+AC66)+(E64-G64+G65-E65)*100+(E64+G65) -> -500 | AK66: =10000*(AA66+AC66)+(E64-G64+G68-E68)*100+(E64+G68) -> 9900 | AL66: =-AN64 -> 0.5 | AM66: =-AN65 -> -0.5 | AN66: x | AO66: =IF($V66>$V67,-0.5,IF($V67>$V66,0.5,IF(AG66,-0.5,IF(AF67,0.5,BE66)))) -> 0.5 | BD66: x | BE66: =IF($AZ64,IF(G64-E64<0,-0.5,IF(E64-G64<0,0.5,0)),IF($AS64,IF($AJ66>$AJ67,-0.5,IF($AJ66<$AJ67,0.5,0)),IF($AT64,IF($AK66>$AK67,-0.5,IF($AK66<$AK67,0.5,0)),0))) -> 0
B67: 46199.75 | C67: Guadalajara | D67: =+Instructions!H22 -> Uruguay (URU) | E67: 0 | F67: =+Instructions!H19 -> Spain (ESP) | G67: 1 | J67: =Q67 -> 4 | K67: {=INDEX(U64:U67,MATCH(S67,$T64:$T67,0))} -> CPV | L67: {=INDEX(V64:V67,MATCH(S67,$T64:$T67,0))} -> 1 | M67: {=INDEX(W64:W67,MATCH(S67,$T64:$T67,0))} -> 0 | N67: {=INDEX(X64:X67,MATCH(S67,$T64:$T67,0))} -> 7 | O67: {=INDEX(Y64:Y67,MATCH(S67,$T64:$T67,0))} -> -7 | Q67: =IF(ROUND(S67,0)=ROUND(S66,0),Q66,4) -> 4 | R67: =ROUND(S67,0) -> 4 | S67: =+SMALL(T64:T67,4) -> 3.96 | T67: =SUM(AL67:AO67)+2.48 -> 1.98 | U67: =+Instructions!I22 -> URU | V67: =SUM(Z67:AC67) -> 6 | W67: =G64+E66+E67 -> 3 | X67: =E64+G66+G67 -> 1 | Y67: =W67-X67 -> 2 | Z67: =IF(ISBLANK(E67),0,IF(AC64=3,0,IF(AC64=1,1,3))) -> 0 | AA67: =IF(ISBLANK(E66),0,IF(AC65=3,0,IF(AC65=1,1,3))) -> 3 | AB67: =IF(ISBLANK(G64),0,IF(AC66=3,0,IF(AC66=1,1,3))) -> 3 | AC67: x | AD67: =10*(Y64-Y67)+W64-W67<0 -> FALSE | AE67: =10*(Y65-Y67)+W65-W67<0 -> TRUE | AF67: =10*(Y66-Y67)+W66-W67<0 -> TRUE | AG67: x | AH67: x | AI67: =10000*(Z67+AA67)+(E66-G66+E67-G67)*100+(E66+E67) -> 30102 | AJ67: =10000*(Z67+AB67)+(E67-G67+G64-E64)*100+(E67+G64) -> 30001 | AK67: =10000*(AA67+AB67)+(E66-G66+G64-E64)*100+(E66+G64) -> 60303 | AL67: =-AO64 -> 0.5 | AM67: =-AO65 -> -0.5 | AN67: =-AO66 -> -0.5 | AO67: x | BE67: x
B68: 46199.75 | C68: Houston | D68: =+Instructions!H20 -> Cape Verde (CPV) | E68: 0 | F68: =+Instructions!H21 -> Saudi Arabia (KSA) | G68: 0 | K68: =IF(ISBLANK(G68)," ",+IF(OR(J66<3,J65<2),"TIE BREAK! Pick your qualifiers on the Knock-Out Predictions sheet"," "))
B70: Group I
B71: 46189.542 | C71: New Jersey | D71: =+Instructions!H25 -> France (FRA) | E71: 2 | F71: =+Instructions!H26 -> Senegal (SEN) | G71: 0 | K71: Group I | L71: Pts | M71: GF | N71: GA | O71: GD | T71: Rank | U71: Team | V71: Pts | W71: GF | X71: GC | Y71: DG | Z71: Ag1 | AA71: Ag2 | AB71: Ag3 | AC71: Ag4 | AD71: Sp1 | AE71: Sp2 | AF71: Sp3 | AG71: Sp4 | AH71: T123 | AI71: T124 | AJ71: T134 | AK71: T234 | AL71: Rk1 | AM71: Rk2 | AN71: Rk3 | AO71: Rk4 | AP71: T1234 | AQ71: T123 | AR71: T124 | AS71: T134 | AT71: T234 | AU71: T12 | AV71: T13 | AW71: T14 | AX71: T23 | AY71: T24 | AZ71: T34 | BA71: NoT | BB71: sRk1 | BC71: sRk2 | BD71: sRk3 | BE71: sRk4
B72: 46189.667 | C72: Boston | D72: =+Instructions!H27 -> Iraq (IRQ) | E72: 0 | F72: =+Instructions!H28 -> Norway (NOR) | G72: 1 | J72: =Q72 -> 1 | K72: {=INDEX(U72:U75,MATCH(S72,$T72:$T75,0))} -> FRA | L72: {=INDEX(V72:V75,MATCH(S72,$T72:$T75,0))} -> 9 | M72: {=INDEX(W72:W75,MATCH(S72,$T72:$T75,0))} -> 8 | N72: {=INDEX(X72:X75,MATCH(S72,$T72:$T75,0))} -> 1 | O72: {=INDEX(Y72:Y75,MATCH(S72,$T72:$T75,0))} -> 7 | Q72: 1 | R72: =ROUND(S72,0) -> 1 | S72: =+SMALL(T72:T75,1) -> 0.95 | T72: =SUM(AL72:AO72)+2.45 -> 0.95 | U72: =+Instructions!I25 -> FRA | V72: =SUM(Z72:AC72) -> 9 | W72: =E71+E73+G75 -> 8 | X72: =G71+G73+E75 -> 1 | Y72: =W72-X72 -> 7 | Z72: x | AA72: =IF(ISBLANK(E71),0,IF(E71>G71,3,IF(E71=G71,1,0))) -> 3 | AB72: =IF(ISBLANK(E73),0,IF(E73>G73,3,IF(E73=G73,1,0))) -> 3 | AC72: =IF(ISBLANK(G75),0,IF(G75>E75,3,IF(G75=E75,1,0))) -> 3 | AD72: x | AE72: =(10*(Y72-Y73)+W72-W73>0) -> TRUE | AF72: =10*(Y72-Y74)+W72-W74>0 -> TRUE | AG72: =10*(Y72-Y75)+W72-W75>0 -> TRUE | AH72: =10000*(AA72+AB72)+(E73-G73+E71-G71)*100+(E73+E71) -> 60505 | AI72: =10000*(AA72+AC72)+(E71-G71+G75-E75)*100+(E71+G75) -> 60405 | AJ72: =10000*(AB72+AC72)+(G75-E75+E73-G73)*100+(G75+E73) -> 60506 | AK72: x | AL72: x | AM72: =IF($V72>$V73,-0.5,IF($V73>$V72,0.5,IF(AE72,-0.5,IF(AD73,0.5,BC72)))) -> -0.5 | AN72: =IF($V72>$V74,-0.5,IF($V74>$V72,0.5,IF(AF72,-0.5,IF(AD74,0.5,BD72)))) -> -0.5 | AO72: =IF($V72>$V75,-0.5,IF($V75>$V72,0.5,IF(AG72,-0.5,IF(AD75,0.5,BE72)))) -> -0.5 | AP72: =AND(AND(V72=V73,V73=V74,V74=V75),AND(W72=W73,W73=W74,W74=W75),AND(X72=X73,X73=X74,X74=X75)) -> FALSE | AQ72: =AND(NOT(AP72),V72=V73,V72=V74,W72=W73,W72=W74,X72=X73,X72=X74) -> FALSE | AR72: =AND(NOT(AP72),V72=V73,V72=V75,W72=W73,W72=W75,X72=X73,X72=X75) -> FALSE | AS72: =AND(NOT(AP72),V72=V74,V72=V75,W72=W74,W72=W75,X72=X74,X72=X75) -> FALSE | AT72: =AND(NOT(AP72),V73=V74,V73=V75,W73=W74,W73=W75,X73=X74,X73=X75) -> FALSE | AU72: =AND(NOT(AP72),NOT(AQ72),NOT(AR72),V72=V73,W72=W73,X72=X73) -> FALSE | AV72: =AND(NOT(AP72),NOT(AQ72),NOT(AS72),V72=V74,W72=W74,X72=X74) -> FALSE | AW72: =AND(NOT(AP72),NOT(AR72),NOT(AS72),V72=V75,W72=W75,X72=X75) -> FALSE | AX72: =AND(NOT(AP72),NOT(AQ72),NOT(AT72),V73=V74,W73=W74) -> FALSE | AY72: =AND(NOT(AP72),NOT(AR72),NOT(AT72),V73=V75,W73=W75,X73=X75) -> FALSE | AZ72: =AND(NOT(AP72),NOT(AS72),NOT(AT72),V74=V75,W74=W75,X74=X75) -> FALSE | BA72: {=AND(NOT(AP72:AZ72))} -> TRUE | BB72: x | BC72: =IF($AU72,IF(G71-E71<0,-0.5,IF(E71-G71<0,0.5,0)),IF($AQ72,IF($AH72>$AH73,-0.5,IF($AH72<$AH73,0.5,0)),IF($AR72,IF($AI72>$AI73,-0.5, IF($AI72<$AI73,0.5,0)),0))) -> 0 | BD72: =IF($AV72,IF(G73-E73<0,-0.5,IF(E73-G73<0,0.5,0)),IF($AQ72,IF($AH72>$AH74,-0.5,IF($AH72<$AH74,0.5,0)),IF($AS72,IF($AJ72>$AJ74,-0.5,IF($AJ72<$AJ74,0.5,0)),0))) -> 0 | BE72: =IF($AW72,IF(E75-G75<0,-0.5,IF(G75-E75<0,0.5,0)),IF($AR72,IF($AI72>$AI75,-0.5,IF($AI72<$AI75,0.5,0)),IF($AS72,IF($AJ72>$AJ75,-0.5, IF($AJ72<$AJ75,0.5,0)),0))) -> 0
B73: 46195.625 | C73: Philadelphia | D73: =+Instructions!H25 -> France (FRA) | E73: 3 | F73: =+Instructions!H27 -> Iraq (IRQ) | G73: 0 | J73: =Q73 -> 2 | K73: {=INDEX(U72:U75,MATCH(S73,$T72:$T75,0))} -> NOR | L73: {=INDEX(V72:V75,MATCH(S73,$T72:$T75,0))} -> 4 | M73: {=INDEX(W72:W75,MATCH(S73,$T72:$T75,0))} -> 3 | N73: {=INDEX(X72:X75,MATCH(S73,$T72:$T75,0))} -> 4 | O73: {=INDEX(Y72:Y75,MATCH(S73,$T72:$T75,0))} -> -1 | Q73: =IF(ROUND(S73,0)=ROUND(S72,0),Q72,2) -> 2 | R73: =ROUND(S73,0) -> 2 | S73: =+SMALL(T72:T75,2) -> 1.98 | T73: =SUM(AL73:AO73)+2.46 -> 2.96 | U73: =+Instructions!I26 -> SEN | V73: =SUM(Z73:AC73) -> 4 | W73: =G71+G74+E76 -> 2 | X73: =E71+E74+G76 -> 3 | Y73: =W73-X73 -> -1 | Z73: =IF(ISBLANK(G71),0,IF(AA72=3,0,IF(AA72=1,1,3))) -> 0 | AA73: x | AB73: =IF(ISBLANK(E76),0,IF(AA74=3,0,IF(AA74=1,1,3))) -> 3 | AC73: =IF(ISBLANK(G74),0,IF(G74>E74,3,IF(G74=E74,1,0))) -> 1 | AD73: =(10*(Y72-Y73)+W72-W73<0) -> FALSE | AE73: x | AF73: =10*(Y73-Y74)+W73-W74>0 -> TRUE | AG73: =10*(Y73-Y75)+W73-W75>0 -> FALSE | AH73: =10000*(Z73+AB73)+(G71-E71+E76-G76)*100+(G71+E76) -> 29901 | AI73: =10000*(Z73+AC73)+(G71-E71+G74-E74)*100+(G71+G74) -> 9801 | AJ73: x | AK73: =10000*(AB73+AC73)+(G74-E74+E76-G76)*100+(G74+E76) -> 40102 | AL73: =-AM72 -> 0.5 | AM73: x | AN73: =IF($V73>$V74,-0.5,IF($V74>$V73,0.5,IF(AF73,-0.5,IF(AE74,0.5,BD73)))) -> -0.5 | AO73: =IF($V73>$V75,-0.5,IF($V75>$V73,0.5,IF(AG73,-0.5,IF(AE75,0.5,BE73)))) -> 0.5 | BC73: x | BD73: =IF($AX72,IF(G76-E76<0,-0.5,IF(E76-G76<0,0.5,0)),IF($AQ72,IF($AH73>$AH74,-0.5,IF($AH73<$AH74,0.5,0)),IF($AT72,IF($AK73>$AK74,-0.5,IF($AK73<$AK74,0.5,0)),0))) -> 0 | BE73: =IF($AY72,IF(E74-G74<0,-0.5,IF(G74-E74<0,0.5,0)),IF($AR72,IF($AI73>$AI75,-0.5,IF($AI73<$AI75,0.5,0)),IF($AT72,IF($AK73>$AK75,-0.5,IF($AK73<$AK75,0.5,0)),0))) -> 0
B74: 46195.75 | C74: New Jersey | D74: =+Instructions!H28 -> Norway (NOR) | E74: 1 | F74: =+Instructions!H26 -> Senegal (SEN) | G74: 1 | J74: =Q74 -> 3 | K74: {=INDEX(U72:U75,MATCH(S74,$T72:$T75,0))} -> SEN | L74: {=INDEX(V72:V75,MATCH(S74,$T72:$T75,0))} -> 4 | M74: {=INDEX(W72:W75,MATCH(S74,$T72:$T75,0))} -> 2 | N74: {=INDEX(X72:X75,MATCH(S74,$T72:$T75,0))} -> 3 | O74: {=INDEX(Y72:Y75,MATCH(S74,$T72:$T75,0))} -> -1 | Q74: =IF(ROUND(S74,0)=ROUND(S73,0),Q73,3) -> 3 | R74: =ROUND(S74,0) -> 3 | S74: =+SMALL(T72:T75,3) -> 2.96 | T74: =SUM(AL74:AO74)+2.47 -> 3.97 | U74: =+Instructions!I27 -> IRQ | V74: =SUM(Z74:AC74) -> 0 | W74: =E72+G73+G76 -> 0 | X74: =G72+E73+E76 -> 5 | Y74: =W74-X74 -> -5 | Z74: =IF(ISBLANK(G73),0,IF(AB72=3,0,IF(AB72=1,1,3))) -> 0 | AA74: =IF(ISBLANK(G76),0,IF(G76>E76,3,IF(G76=E76,1,0))) -> 0 | AB74: x | AC74: =IF(ISBLANK(E72),0,IF(E72>G72,3,IF(E72=G72,1,0))) -> 0 | AD74: =10*(Y72-Y74)+W72-W74<0 -> FALSE | AE74: =10*(Y73-Y74)+W73-W74<0 -> FALSE | AF74: x | AG74: =10*(Y74-Y75)+W74-W75>0 -> FALSE | AH74: =10000*(Z74+AA74)+(G73-E73+G76-E76)*100+(G73+G76) -> -400 | AI74: x | AJ74: =10000*(Z74+AC74)+(E72-G72+G73-E73)*100+(E72+G73) -> -400 | AK74: =10000*(AA74+AC74)+(E72-G72+G76-E76)*100+(E72+G76) -> -200 | AL74: =-AN72 -> 0.5 | AM74: =-AN73 -> 0.5 | AN74: x | AO74: =IF($V74>$V75,-0.5,IF($V75>$V74,0.5,IF(AG74,-0.5,IF(AF75,0.5,BE74)))) -> 0.5 | BD74: x | BE74: =IF($AZ72,IF(G72-E72<0,-0.5,IF(E72-G72<0,0.5,0)),IF($AS72,IF($AJ74>$AJ75,-0.5,IF($AJ74<$AJ75,0.5,0)),IF($AT72,IF($AK74>$AK75,-0.5,IF($AK74<$AK75,0.5,0)),0))) -> 0
B75: 46199.542 | C75: Boston | D75: =+Instructions!H28 -> Norway (NOR) | E75: 1 | F75: =+Instructions!H25 -> France (FRA) | G75: 3 | J75: =Q75 -> 4 | K75: {=INDEX(U72:U75,MATCH(S75,$T72:$T75,0))} -> IRQ | L75: {=INDEX(V72:V75,MATCH(S75,$T72:$T75,0))} -> 0 | M75: {=INDEX(W72:W75,MATCH(S75,$T72:$T75,0))} -> 0 | N75: {=INDEX(X72:X75,MATCH(S75,$T72:$T75,0))} -> 5 | O75: {=INDEX(Y72:Y75,MATCH(S75,$T72:$T75,0))} -> -5 | Q75: =IF(ROUND(S75,0)=ROUND(S74,0),Q74,4) -> 4 | R75: =ROUND(S75,0) -> 4 | S75: =+SMALL(T72:T75,4) -> 3.97 | T75: =SUM(AL75:AO75)+2.48 -> 1.98 | U75: =+Instructions!I28 -> NOR | V75: =SUM(Z75:AC75) -> 4 | W75: =G72+E74+E75 -> 3 | X75: =E72+G74+G75 -> 4 | Y75: =W75-X75 -> -1 | Z75: =IF(ISBLANK(E75),0,IF(AC72=3,0,IF(AC72=1,1,3))) -> 0 | AA75: =IF(ISBLANK(E74),0,IF(AC73=3,0,IF(AC73=1,1,3))) -> 1 | AB75: =IF(ISBLANK(G72),0,IF(AC74=3,0,IF(AC74=1,1,3))) -> 3 | AC75: x | AD75: =10*(Y72-Y75)+W72-W75<0 -> FALSE | AE75: =10*(Y73-Y75)+W73-W75<0 -> TRUE | AF75: =10*(Y74-Y75)+W74-W75<0 -> TRUE | AG75: x | AH75: x | AI75: =10000*(Z75+AA75)+(E74-G74+E75-G75)*100+(E74+E75) -> 9802 | AJ75: =10000*(Z75+AB75)+(E75-G75+G72-E72)*100+(E75+G72) -> 29902 | AK75: =10000*(AA75+AB75)+(E74-G74+G72-E72)*100+(E74+G72) -> 40102 | AL75: =-AO72 -> 0.5 | AM75: =-AO73 -> -0.5 | AN75: =-AO74 -> -0.5 | AO75: x | BE75: x
B76: 46199.542 | C76: Toronto | D76: =+Instructions!H26 -> Senegal (SEN) | E76: 1 | F76: =+Instructions!H27 -> Iraq (IRQ) | G76: 0 | K76: =IF(ISBLANK(G76)," ",+IF(OR(J74<3,J73<2),"TIE BREAK! Pick your qualifiers on the Knock-Out Predictions sheet"," "))
B78: Group J
B79: 46189.792 | C79: Kansas City | D79: =+Instructions!H31 -> Argentina (ARG) | E79: 2 | F79: =+Instructions!H32 -> Algeria (ALG) | G79: 0 | K79: Group J | L79: Pts | M79: GF | N79: GA | O79: GD | T79: Rank | U79: Team | V79: Pts | W79: GF | X79: GC | Y79: DG | Z79: Ag1 | AA79: Ag2 | AB79: Ag3 | AC79: Ag4 | AD79: Sp1 | AE79: Sp2 | AF79: Sp3 | AG79: Sp4 | AH79: T123 | AI79: T124 | AJ79: T134 | AK79: T234 | AL79: Rk1 | AM79: Rk2 | AN79: Rk3 | AO79: Rk4 | AP79: T1234 | AQ79: T123 | AR79: T124 | AS79: T134 | AT79: T234 | AU79: T12 | AV79: T13 | AW79: T14 | AX79: T23 | AY79: T24 | AZ79: T34 | BA79: NoT | BB79: sRk1 | BC79: sRk2 | BD79: sRk3 | BE79: sRk4
B80: 46189.917 | C80: San Francisco | D80: =+Instructions!H33 -> Austria (AUT) | E80: 2 | F80: =+Instructions!H34 -> Jordan (JOR) | G80: 0 | J80: =Q80 -> 1 | K80: {=INDEX(U80:U83,MATCH(S80,$T80:$T83,0))} -> ARG | L80: {=INDEX(V80:V83,MATCH(S80,$T80:$T83,0))} -> 9 | M80: {=INDEX(W80:W83,MATCH(S80,$T80:$T83,0))} -> 8 | N80: {=INDEX(X80:X83,MATCH(S80,$T80:$T83,0))} -> 0 | O80: {=INDEX(Y80:Y83,MATCH(S80,$T80:$T83,0))} -> 8 | Q80: 1 | R80: =ROUND(S80,0) -> 1 | S80: =+SMALL(T80:T83,1) -> 0.95 | T80: =SUM(AL80:AO80)+2.45 -> 0.95 | U80: =+Instructions!I31 -> ARG | V80: =SUM(Z80:AC80) -> 9 | W80: =E79+E81+G83 -> 8 | X80: =G79+G81+E83 -> 0 | Y80: =W80-X80 -> 8 | Z80: x | AA80: =IF(ISBLANK(E79),0,IF(E79>G79,3,IF(E79=G79,1,0))) -> 3 | AB80: =IF(ISBLANK(E81),0,IF(E81>G81,3,IF(E81=G81,1,0))) -> 3 | AC80: =IF(ISBLANK(G83),0,IF(G83>E83,3,IF(G83=E83,1,0))) -> 3 | AD80: x | AE80: =(10*(Y80-Y81)+W80-W81>0) -> TRUE | AF80: =10*(Y80-Y82)+W80-W82>0 -> TRUE | AG80: =10*(Y80-Y83)+W80-W83>0 -> TRUE | AH80: =10000*(AA80+AB80)+(E81-G81+E79-G79)*100+(E81+E79) -> 60303 | AI80: =10000*(AA80+AC80)+(E79-G79+G83-E83)*100+(E79+G83) -> 60707 | AJ80: =10000*(AB80+AC80)+(G83-E83+E81-G81)*100+(G83+E81) -> 60606 | AK80: x | AL80: x | AM80: =IF($V80>$V81,-0.5,IF($V81>$V80,0.5,IF(AE80,-0.5,IF(AD81,0.5,BC80)))) -> -0.5 | AN80: =IF($V80>$V82,-0.5,IF($V82>$V80,0.5,IF(AF80,-0.5,IF(AD82,0.5,BD80)))) -> -0.5 | AO80: =IF($V80>$V83,-0.5,IF($V83>$V80,0.5,IF(AG80,-0.5,IF(AD83,0.5,BE80)))) -> -0.5 | AP80: =AND(AND(V80=V81,V81=V82,V82=V83),AND(W80=W81,W81=W82,W82=W83),AND(X80=X81,X81=X82,X82=X83)) -> FALSE | AQ80: =AND(NOT(AP80),V80=V81,V80=V82,W80=W81,W80=W82,X80=X81,X80=X82) -> FALSE | AR80: =AND(NOT(AP80),V80=V81,V80=V83,W80=W81,W80=W83,X80=X81,X80=X83) -> FALSE | AS80: =AND(NOT(AP80),V80=V82,V80=V83,W80=W82,W80=W83,X80=X82,X80=X83) -> FALSE | AT80: =AND(NOT(AP80),V81=V82,V81=V83,W81=W82,W81=W83,X81=X82,X81=X83) -> FALSE | AU80: =AND(NOT(AP80),NOT(AQ80),NOT(AR80),V80=V81,W80=W81,X80=X81) -> FALSE | AV80: =AND(NOT(AP80),NOT(AQ80),NOT(AS80),V80=V82,W80=W82,X80=X82) -> FALSE | AW80: =AND(NOT(AP80),NOT(AR80),NOT(AS80),V80=V83,W80=W83,X80=X83) -> FALSE | AX80: =AND(NOT(AP80),NOT(AQ80),NOT(AT80),V81=V82,W81=W82) -> FALSE | AY80: =AND(NOT(AP80),NOT(AR80),NOT(AT80),V81=V83,W81=W83,X81=X83) -> FALSE | AZ80: =AND(NOT(AP80),NOT(AS80),NOT(AT80),V82=V83,W82=W83,X82=X83) -> FALSE | BA80: {=AND(NOT(AP80:AZ80))} -> TRUE | BB80: x | BC80: =IF($AU80,IF(G79-E79<0,-0.5,IF(E79-G79<0,0.5,0)),IF($AQ80,IF($AH80>$AH81,-0.5,IF($AH80<$AH81,0.5,0)),IF($AR80,IF($AI80>$AI81,-0.5, IF($AI80<$AI81,0.5,0)),0))) -> 0 | BD80: =IF($AV80,IF(G81-E81<0,-0.5,IF(E81-G81<0,0.5,0)),IF($AQ80,IF($AH80>$AH82,-0.5,IF($AH80<$AH82,0.5,0)),IF($AS80,IF($AJ80>$AJ82,-0.5,IF($AJ80<$AJ82,0.5,0)),0))) -> 0 | BE80: =IF($AW80,IF(E83-G83<0,-0.5,IF(G83-E83<0,0.5,0)),IF($AR80,IF($AI80>$AI83,-0.5,IF($AI80<$AI83,0.5,0)),IF($AS80,IF($AJ80>$AJ83,-0.5, IF($AJ80<$AJ83,0.5,0)),0))) -> 0
B81: 46195.458 | C81: Dallas | D81: =+Instructions!H31 -> Argentina (ARG) | E81: 1 | F81: =+Instructions!H33 -> Austria (AUT) | G81: 0 | J81: =Q81 -> 2 | K81: {=INDEX(U80:U83,MATCH(S81,$T80:$T83,0))} -> AUT | L81: {=INDEX(V80:V83,MATCH(S81,$T80:$T83,0))} -> 6 | M81: {=INDEX(W80:W83,MATCH(S81,$T80:$T83,0))} -> 3 | N81: {=INDEX(X80:X83,MATCH(S81,$T80:$T83,0))} -> 1 | O81: {=INDEX(Y80:Y83,MATCH(S81,$T80:$T83,0))} -> 2 | Q81: =IF(ROUND(S81,0)=ROUND(S80,0),Q80,2) -> 2 | R81: =ROUND(S81,0) -> 2 | S81: =+SMALL(T80:T83,2) -> 1.97 | T81: =SUM(AL81:AO81)+2.46 -> 2.96 | U81: =+Instructions!I32 -> ALG | V81: =SUM(Z81:AC81) -> 3 | W81: =G79+G82+E84 -> 1 | X81: =E79+E82+G84 -> 3 | Y81: =W81-X81 -> -2 | Z81: =IF(ISBLANK(G79),0,IF(AA80=3,0,IF(AA80=1,1,3))) -> 0 | AA81: x | AB81: =IF(ISBLANK(E84),0,IF(AA82=3,0,IF(AA82=1,1,3))) -> 0 | AC81: =IF(ISBLANK(G82),0,IF(G82>E82,3,IF(G82=E82,1,0))) -> 3 | AD81: =(10*(Y80-Y81)+W80-W81<0) -> FALSE | AE81: x | AF81: =10*(Y81-Y82)+W81-W82>0 -> FALSE | AG81: =10*(Y81-Y83)+W81-W83>0 -> TRUE | AH81: =10000*(Z81+AB81)+(G79-E79+E84-G84)*100+(G79+E84) -> -300 | AI81: =10000*(Z81+AC81)+(G79-E79+G82-E82)*100+(G79+G82) -> 29901 | AJ81: x | AK81: =10000*(AB81+AC81)+(G82-E82+E84-G84)*100+(G82+E84) -> 30001 | AL81: =-AM80 -> 0.5 | AM81: x | AN81: =IF($V81>$V82,-0.5,IF($V82>$V81,0.5,IF(AF81,-0.5,IF(AE82,0.5,BD81)))) -> 0.5 | AO81: =IF($V81>$V83,-0.5,IF($V83>$V81,0.5,IF(AG81,-0.5,IF(AE83,0.5,BE81)))) -> -0.5 | BC81: x | BD81: =IF($AX80,IF(G84-E84<0,-0.5,IF(E84-G84<0,0.5,0)),IF($AQ80,IF($AH81>$AH82,-0.5,IF($AH81<$AH82,0.5,0)),IF($AT80,IF($AK81>$AK82,-0.5,IF($AK81<$AK82,0.5,0)),0))) -> 0 | BE81: =IF($AY80,IF(E82-G82<0,-0.5,IF(G82-E82<0,0.5,0)),IF($AR80,IF($AI81>$AI83,-0.5,IF($AI81<$AI83,0.5,0)),IF($AT80,IF($AK81>$AK83,-0.5,IF($AK81<$AK83,0.5,0)),0))) -> 0
B82: 46195.875 | C82: San Francisco | D82: =+Instructions!H34 -> Jordan (JOR) | E82: 0 | F82: =+Instructions!H32 -> Algeria (ALG) | G82: 1 | J82: =Q82 -> 3 | K82: {=INDEX(U80:U83,MATCH(S82,$T80:$T83,0))} -> ALG | L82: {=INDEX(V80:V83,MATCH(S82,$T80:$T83,0))} -> 3 | M82: {=INDEX(W80:W83,MATCH(S82,$T80:$T83,0))} -> 1 | N82: {=INDEX(X80:X83,MATCH(S82,$T80:$T83,0))} -> 3 | O82: {=INDEX(Y80:Y83,MATCH(S82,$T80:$T83,0))} -> -2 | Q82: =IF(ROUND(S82,0)=ROUND(S81,0),Q81,3) -> 3 | R82: =ROUND(S82,0) -> 3 | S82: =+SMALL(T80:T83,3) -> 2.96 | T82: =SUM(AL82:AO82)+2.47 -> 1.97 | U82: =+Instructions!I33 -> AUT | V82: =SUM(Z82:AC82) -> 6 | W82: =E80+G81+G84 -> 3 | X82: =G80+E81+E84 -> 1 | Y82: =W82-X82 -> 2 | Z82: =IF(ISBLANK(G81),0,IF(AB80=3,0,IF(AB80=1,1,3))) -> 0 | AA82: =IF(ISBLANK(G84),0,IF(G84>E84,3,IF(G84=E84,1,0))) -> 3 | AB82: x | AC82: =IF(ISBLANK(E80),0,IF(E80>G80,3,IF(E80=G80,1,0))) -> 3 | AD82: =10*(Y80-Y82)+W80-W82<0 -> FALSE | AE82: =10*(Y81-Y82)+W81-W82<0 -> TRUE | AF82: x | AG82: =10*(Y82-Y83)+W82-W83>0 -> TRUE | AH82: =10000*(Z82+AA82)+(G81-E81+G84-E84)*100+(G81+G84) -> 30001 | AI82: x | AJ82: =10000*(Z82+AC82)+(E80-G80+G81-E81)*100+(E80+G81) -> 30102 | AK82: =10000*(AA82+AC82)+(E80-G80+G84-E84)*100+(E80+G84) -> 60303 | AL82: =-AN80 -> 0.5 | AM82: =-AN81 -> -0.5 | AN82: x | AO82: =IF($V82>$V83,-0.5,IF($V83>$V82,0.5,IF(AG82,-0.5,IF(AF83,0.5,BE82)))) -> -0.5 | BD82: x | BE82: =IF($AZ80,IF(G80-E80<0,-0.5,IF(E80-G80<0,0.5,0)),IF($AS80,IF($AJ82>$AJ83,-0.5,IF($AJ82<$AJ83,0.5,0)),IF($AT80,IF($AK82>$AK83,-0.5,IF($AK82<$AK83,0.5,0)),0))) -> 0
B83: 46200.833 | C83: Dallas | D83: =+Instructions!H34 -> Jordan (JOR) | E83: 0 | F83: =+Instructions!H31 -> Argentina (ARG) | G83: 5 | J83: =Q83 -> 4 | K83: {=INDEX(U80:U83,MATCH(S83,$T80:$T83,0))} -> JOR | L83: {=INDEX(V80:V83,MATCH(S83,$T80:$T83,0))} -> 0 | M83: {=INDEX(W80:W83,MATCH(S83,$T80:$T83,0))} -> 0 | N83: {=INDEX(X80:X83,MATCH(S83,$T80:$T83,0))} -> 8 | O83: {=INDEX(Y80:Y83,MATCH(S83,$T80:$T83,0))} -> -8 | Q83: =IF(ROUND(S83,0)=ROUND(S82,0),Q82,4) -> 4 | R83: =ROUND(S83,0) -> 4 | S83: =+SMALL(T80:T83,4) -> 3.98 | T83: =SUM(AL83:AO83)+2.48 -> 3.98 | U83: =+Instructions!I34 -> JOR | V83: =SUM(Z83:AC83) -> 0 | W83: =G80+E82+E83 -> 0 | X83: =E80+G82+G83 -> 8 | Y83: =W83-X83 -> -8 | Z83: =IF(ISBLANK(E83),0,IF(AC80=3,0,IF(AC80=1,1,3))) -> 0 | AA83: =IF(ISBLANK(E82),0,IF(AC81=3,0,IF(AC81=1,1,3))) -> 0 | AB83: =IF(ISBLANK(G80),0,IF(AC82=3,0,IF(AC82=1,1,3))) -> 0 | AC83: x | AD83: =10*(Y80-Y83)+W80-W83<0 -> FALSE | AE83: =10*(Y81-Y83)+W81-W83<0 -> FALSE | AF83: =10*(Y82-Y83)+W82-W83<0 -> FALSE | AG83: x | AH83: x | AI83: =10000*(Z83+AA83)+(E82-G82+E83-G83)*100+(E82+E83) -> -600 | AJ83: =10000*(Z83+AB83)+(E83-G83+G80-E80)*100+(E83+G80) -> -700 | AK83: =10000*(AA83+AB83)+(E82-G82+G80-E80)*100+(E82+G80) -> -300 | AL83: =-AO80 -> 0.5 | AM83: =-AO81 -> 0.5 | AN83: =-AO82 -> 0.5 | AO83: x | BE83: x
B84: 46200.833 | C84: Kansas City | D84: =+Instructions!H32 -> Algeria (ALG) | E84: 0 | F84: =+Instructions!H33 -> Austria (AUT) | G84: 1 | K84: =IF(ISBLANK(G84)," ",+IF(OR(J82<3,J81<2),"TIE BREAK! Pick your qualifiers on the Knock-Out Predictions sheet"," "))
B86: Group K
B87: 46190.458 | C87: Houston | D87: =+Instructions!H37 -> Portugal (POR) | E87: 2 | F87: =+Instructions!H38 -> DR Congo (COD) | G87: 0 | K87: Group K | L87: Pts | M87: GF | N87: GA | O87: GD | T87: Rank | U87: Team | V87: Pts | W87: GF | X87: GC | Y87: DG | Z87: Ag1 | AA87: Ag2 | AB87: Ag3 | AC87: Ag4 | AD87: Sp1 | AE87: Sp2 | AF87: Sp3 | AG87: Sp4 | AH87: T123 | AI87: T124 | AJ87: T134 | AK87: T234 | AL87: Rk1 | AM87: Rk2 | AN87: Rk3 | AO87: Rk4 | AP87: T1234 | AQ87: T123 | AR87: T124 | AS87: T134 | AT87: T234 | AU87: T12 | AV87: T13 | AW87: T14 | AX87: T23 | AY87: T24 | AZ87: T34 | BA87: NoT | BB87: sRk1 | BC87: sRk2 | BD87: sRk3 | BE87: sRk4
B88: 46190.833 | C88: Mexico City | D88: =+Instructions!H39 -> Uzbekistan (UZB) | E88: 0 | F88: =+Instructions!H40 -> Colombia (COL) | G88: 2 | J88: =Q88 -> 1 | K88: {=INDEX(U88:U91,MATCH(S88,$T88:$T91,0))} -> POR | L88: {=INDEX(V88:V91,MATCH(S88,$T88:$T91,0))} -> 9 | M88: {=INDEX(W88:W91,MATCH(S88,$T88:$T91,0))} -> 6 | N88: {=INDEX(X88:X91,MATCH(S88,$T88:$T91,0))} -> 0 | O88: {=INDEX(Y88:Y91,MATCH(S88,$T88:$T91,0))} -> 6 | Q88: 1 | R88: =ROUND(S88,0) -> 1 | S88: =+SMALL(T88:T91,1) -> 0.95 | T88: =SUM(AL88:AO88)+2.45 -> 0.95 | U88: =+Instructions!I37 -> POR | V88: =SUM(Z88:AC88) -> 9 | W88: =E87+E89+G91 -> 6 | X88: =G87+G89+E91 -> 0 | Y88: =W88-X88 -> 6 | Z88: x | AA88: =IF(ISBLANK(E87),0,IF(E87>G87,3,IF(E87=G87,1,0))) -> 3 | AB88: =IF(ISBLANK(E89),0,IF(E89>G89,3,IF(E89=G89,1,0))) -> 3 | AC88: =IF(ISBLANK(G91),0,IF(G91>E91,3,IF(G91=E91,1,0))) -> 3 | AD88: x | AE88: =(10*(Y88-Y89)+W88-W89>0) -> TRUE | AF88: =10*(Y88-Y90)+W88-W90>0 -> TRUE | AG88: =10*(Y88-Y91)+W88-W91>0 -> TRUE | AH88: =10000*(AA88+AB88)+(E89-G89+E87-G87)*100+(E89+E87) -> 60505 | AI88: =10000*(AA88+AC88)+(E87-G87+G91-E91)*100+(E87+G91) -> 60303 | AJ88: =10000*(AB88+AC88)+(G91-E91+E89-G89)*100+(G91+E89) -> 60404 | AK88: x | AL88: x | AM88: =IF($V88>$V89,-0.5,IF($V89>$V88,0.5,IF(AE88,-0.5,IF(AD89,0.5,BC88)))) -> -0.5 | AN88: =IF($V88>$V90,-0.5,IF($V90>$V88,0.5,IF(AF88,-0.5,IF(AD90,0.5,BD88)))) -> -0.5 | AO88: =IF($V88>$V91,-0.5,IF($V91>$V88,0.5,IF(AG88,-0.5,IF(AD91,0.5,BE88)))) -> -0.5 | AP88: =AND(AND(V88=V89,V89=V90,V90=V91),AND(W88=W89,W89=W90,W90=W91),AND(X88=X89,X89=X90,X90=X91)) -> FALSE | AQ88: =AND(NOT(AP88),V88=V89,V88=V90,W88=W89,W88=W90,X88=X89,X88=X90) -> FALSE | AR88: =AND(NOT(AP88),V88=V89,V88=V91,W88=W89,W88=W91,X88=X89,X88=X91) -> FALSE | AS88: =AND(NOT(AP88),V88=V90,V88=V91,W88=W90,W88=W91,X88=X90,X88=X91) -> FALSE | AT88: =AND(NOT(AP88),V89=V90,V89=V91,W89=W90,W89=W91,X89=X90,X89=X91) -> FALSE | AU88: =AND(NOT(AP88),NOT(AQ88),NOT(AR88),V88=V89,W88=W89,X88=X89) -> FALSE | AV88: =AND(NOT(AP88),NOT(AQ88),NOT(AS88),V88=V90,W88=W90,X88=X90) -> FALSE | AW88: =AND(NOT(AP88),NOT(AR88),NOT(AS88),V88=V91,W88=W91,X88=X91) -> FALSE | AX88: =AND(NOT(AP88),NOT(AQ88),NOT(AT88),V89=V90,W89=W90) -> FALSE | AY88: =AND(NOT(AP88),NOT(AR88),NOT(AT88),V89=V91,W89=W91,X89=X91) -> FALSE | AZ88: =AND(NOT(AP88),NOT(AS88),NOT(AT88),V90=V91,W90=W91,X90=X91) -> FALSE | BA88: {=AND(NOT(AP88:AZ88))} -> TRUE | BB88: x | BC88: =IF($AU88,IF(G87-E87<0,-0.5,IF(E87-G87<0,0.5,0)),IF($AQ88,IF($AH88>$AH89,-0.5,IF($AH88<$AH89,0.5,0)),IF($AR88,IF($AI88>$AI89,-0.5, IF($AI88<$AI89,0.5,0)),0))) -> 0 | BD88: =IF($AV88,IF(G89-E89<0,-0.5,IF(E89-G89<0,0.5,0)),IF($AQ88,IF($AH88>$AH90,-0.5,IF($AH88<$AH90,0.5,0)),IF($AS88,IF($AJ88>$AJ90,-0.5,IF($AJ88<$AJ90,0.5,0)),0))) -> 0 | BE88: =IF($AW88,IF(E91-G91<0,-0.5,IF(G91-E91<0,0.5,0)),IF($AR88,IF($AI88>$AI91,-0.5,IF($AI88<$AI91,0.5,0)),IF($AS88,IF($AJ88>$AJ91,-0.5, IF($AJ88<$AJ91,0.5,0)),0))) -> 0
B89: 46196.458 | C89: Houston | D89: =+Instructions!H37 -> Portugal (POR) | E89: 3 | F89: =+Instructions!H39 -> Uzbekistan (UZB) | G89: 0 | J89: =Q89 -> 2 | K89: {=INDEX(U88:U91,MATCH(S89,$T88:$T91,0))} -> COL | L89: {=INDEX(V88:V91,MATCH(S89,$T88:$T91,0))} -> 6 | M89: {=INDEX(W88:W91,MATCH(S89,$T88:$T91,0))} -> 3 | N89: {=INDEX(X88:X91,MATCH(S89,$T88:$T91,0))} -> 1 | O89: {=INDEX(Y88:Y91,MATCH(S89,$T88:$T91,0))} -> 2 | Q89: =IF(ROUND(S89,0)=ROUND(S88,0),Q88,2) -> 2 | R89: =ROUND(S89,0) -> 2 | S89: =+SMALL(T88:T91,2) -> 1.98 | T89: =SUM(AL89:AO89)+2.46 -> 3.96 | U89: =+Instructions!I38 -> COD | V89: =SUM(Z89:AC89) -> 0 | W89: =G87+G90+E92 -> 0 | X89: =E87+E90+G92 -> 4 | Y89: =W89-X89 -> -4 | Z89: =IF(ISBLANK(G87),0,IF(AA88=3,0,IF(AA88=1,1,3))) -> 0 | AA89: x | AB89: =IF(ISBLANK(E92),0,IF(AA90=3,0,IF(AA90=1,1,3))) -> 0 | AC89: =IF(ISBLANK(G90),0,IF(G90>E90,3,IF(G90=E90,1,0))) -> 0 | AD89: =(10*(Y88-Y89)+W88-W89<0) -> FALSE | AE89: x | AF89: =10*(Y89-Y90)+W89-W90>0 -> FALSE | AG89: =10*(Y89-Y91)+W89-W91>0 -> FALSE | AH89: =10000*(Z89+AB89)+(G87-E87+E92-G92)*100+(G87+E92) -> -300 | AI89: =10000*(Z89+AC89)+(G87-E87+G90-E90)*100+(G87+G90) -> -300 | AJ89: x | AK89: =10000*(AB89+AC89)+(G90-E90+E92-G92)*100+(G90+E92) -> -200 | AL89: =-AM88 -> 0.5 | AM89: x | AN89: =IF($V89>$V90,-0.5,IF($V90>$V89,0.5,IF(AF89,-0.5,IF(AE90,0.5,BD89)))) -> 0.5 | AO89: =IF($V89>$V91,-0.5,IF($V91>$V89,0.5,IF(AG89,-0.5,IF(AE91,0.5,BE89)))) -> 0.5 | BC89: x | BD89: =IF($AX88,IF(G92-E92<0,-0.5,IF(E92-G92<0,0.5,0)),IF($AQ88,IF($AH89>$AH90,-0.5,IF($AH89<$AH90,0.5,0)),IF($AT88,IF($AK89>$AK90,-0.5,IF($AK89<$AK90,0.5,0)),0))) -> 0 | BE89: =IF($AY88,IF(E90-G90<0,-0.5,IF(G90-E90<0,0.5,0)),IF($AR88,IF($AI89>$AI91,-0.5,IF($AI89<$AI91,0.5,0)),IF($AT88,IF($AK89>$AK91,-0.5,IF($AK89<$AK91,0.5,0)),0))) -> 0
B90: 46196.833 | C90: Guadalajara | D90: =+Instructions!H40 -> Colombia (COL) | E90: 1 | F90: =+Instructions!H38 -> DR Congo (COD) | G90: 0 | J90: =Q90 -> 3 | K90: {=INDEX(U88:U91,MATCH(S90,$T88:$T91,0))} -> UZB | L90: {=INDEX(V88:V91,MATCH(S90,$T88:$T91,0))} -> 3 | M90: {=INDEX(W88:W91,MATCH(S90,$T88:$T91,0))} -> 1 | N90: {=INDEX(X88:X91,MATCH(S90,$T88:$T91,0))} -> 5 | O90: {=INDEX(Y88:Y91,MATCH(S90,$T88:$T91,0))} -> -4 | Q90: =IF(ROUND(S90,0)=ROUND(S89,0),Q89,3) -> 3 | R90: =ROUND(S90,0) -> 3 | S90: =+SMALL(T88:T91,3) -> 2.97 | T90: =SUM(AL90:AO90)+2.47 -> 2.97 | U90: =+Instructions!I39 -> UZB | V90: =SUM(Z90:AC90) -> 3 | W90: =E88+G89+G92 -> 1 | X90: =G88+E89+E92 -> 5 | Y90: =W90-X90 -> -4 | Z90: =IF(ISBLANK(G89),0,IF(AB88=3,0,IF(AB88=1,1,3))) -> 0 | AA90: =IF(ISBLANK(G92),0,IF(G92>E92,3,IF(G92=E92,1,0))) -> 3 | AB90: x | AC90: =IF(ISBLANK(E88),0,IF(E88>G88,3,IF(E88=G88,1,0))) -> 0 | AD90: =10*(Y88-Y90)+W88-W90<0 -> FALSE | AE90: =10*(Y89-Y90)+W89-W90<0 -> TRUE | AF90: x | AG90: =10*(Y90-Y91)+W90-W91>0 -> FALSE | AH90: =10000*(Z90+AA90)+(G89-E89+G92-E92)*100+(G89+G92) -> 29801 | AI90: x | AJ90: =10000*(Z90+AC90)+(E88-G88+G89-E89)*100+(E88+G89) -> -500 | AK90: =10000*(AA90+AC90)+(E88-G88+G92-E92)*100+(E88+G92) -> 29901 | AL90: =-AN88 -> 0.5 | AM90: =-AN89 -> -0.5 | AN90: x | AO90: =IF($V90>$V91,-0.5,IF($V91>$V90,0.5,IF(AG90,-0.5,IF(AF91,0.5,BE90)))) -> 0.5 | BD90: x | BE90: =IF($AZ88,IF(G88-E88<0,-0.5,IF(E88-G88<0,0.5,0)),IF($AS88,IF($AJ90>$AJ91,-0.5,IF($AJ90<$AJ91,0.5,0)),IF($AT88,IF($AK90>$AK91,-0.5,IF($AK90<$AK91,0.5,0)),0))) -> 0
B91: 46200.729 | C91: Miami | D91: =+Instructions!H40 -> Colombia (COL) | E91: 0 | F91: =+Instructions!H37 -> Portugal (POR) | G91: 1 | J91: =Q91 -> 4 | K91: {=INDEX(U88:U91,MATCH(S91,$T88:$T91,0))} -> COD | L91: {=INDEX(V88:V91,MATCH(S91,$T88:$T91,0))} -> 0 | M91: {=INDEX(W88:W91,MATCH(S91,$T88:$T91,0))} -> 0 | N91: {=INDEX(X88:X91,MATCH(S91,$T88:$T91,0))} -> 4 | O91: {=INDEX(Y88:Y91,MATCH(S91,$T88:$T91,0))} -> -4 | Q91: =IF(ROUND(S91,0)=ROUND(S90,0),Q90,4) -> 4 | R91: =ROUND(S91,0) -> 4 | S91: =+SMALL(T88:T91,4) -> 3.96 | T91: =SUM(AL91:AO91)+2.48 -> 1.98 | U91: =+Instructions!I40 -> COL | V91: =SUM(Z91:AC91) -> 6 | W91: =G88+E90+E91 -> 3 | X91: =E88+G90+G91 -> 1 | Y91: =W91-X91 -> 2 | Z91: =IF(ISBLANK(E91),0,IF(AC88=3,0,IF(AC88=1,1,3))) -> 0 | AA91: =IF(ISBLANK(E90),0,IF(AC89=3,0,IF(AC89=1,1,3))) -> 3 | AB91: =IF(ISBLANK(G88),0,IF(AC90=3,0,IF(AC90=1,1,3))) -> 3 | AC91: x | AD91: =10*(Y88-Y91)+W88-W91<0 -> FALSE | AE91: =10*(Y89-Y91)+W89-W91<0 -> TRUE | AF91: =10*(Y90-Y91)+W90-W91<0 -> TRUE | AG91: x | AH91: x | AI91: =10000*(Z91+AA91)+(E90-G90+E91-G91)*100+(E90+E91) -> 30001 | AJ91: =10000*(Z91+AB91)+(E91-G91+G88-E88)*100+(E91+G88) -> 30102 | AK91: =10000*(AA91+AB91)+(E90-G90+G88-E88)*100+(E90+G88) -> 60303 | AL91: =-AO88 -> 0.5 | AM91: =-AO89 -> -0.5 | AN91: =-AO90 -> -0.5 | AO91: x | BE91: x
B92: 46200.729 | C92: Atlanta | D92: =+Instructions!H38 -> DR Congo (COD) | E92: 0 | F92: =+Instructions!H39 -> Uzbekistan (UZB) | G92: 1 | K92: =IF(ISBLANK(G92)," ",+IF(OR(J90<3,J89<2),"TIE BREAK! Pick your qualifiers on the Knock-Out Predictions sheet"," "))
B94: Group L
B95: 46190.583 | C95: Dallas | D95: =+Instructions!H43 -> England (ENG) | E95: 1 | F95: =+Instructions!H44 -> Croatia (CRO) | G95: 0 | K95: Group L | L95: Pts | M95: GF | N95: GA | O95: GD | T95: Rank | U95: Team | V95: Pts | W95: GF | X95: GC | Y95: DG | Z95: Ag1 | AA95: Ag2 | AB95: Ag3 | AC95: Ag4 | AD95: Sp1 | AE95: Sp2 | AF95: Sp3 | AG95: Sp4 | AH95: T123 | AI95: T124 | AJ95: T134 | AK95: T234 | AL95: Rk1 | AM95: Rk2 | AN95: Rk3 | AO95: Rk4 | AP95: T1234 | AQ95: T123 | AR95: T124 | AS95: T134 | AT95: T234 | AU95: T12 | AV95: T13 | AW95: T14 | AX95: T23 | AY95: T24 | AZ95: T34 | BA95: NoT | BB95: sRk1 | BC95: sRk2 | BD95: sRk3 | BE95: sRk4
B96: 46190.708 | C96: Toronto | D96: =+Instructions!H45 -> Ghana (GHA) | E96: 1 | F96: =+Instructions!H46 -> Panama (PAN) | G96: 0 | J96: =Q96 -> 1 | K96: {=INDEX(U96:U99,MATCH(S96,$T96:$T99,0))} -> ENG | L96: {=INDEX(V96:V99,MATCH(S96,$T96:$T99,0))} -> 9 | M96: {=INDEX(W96:W99,MATCH(S96,$T96:$T99,0))} -> 7 | N96: {=INDEX(X96:X99,MATCH(S96,$T96:$T99,0))} -> 0 | O96: {=INDEX(Y96:Y99,MATCH(S96,$T96:$T99,0))} -> 7 | Q96: 1 | R96: =ROUND(S96,0) -> 1 | S96: =+SMALL(T96:T99,1) -> 0.95 | T96: =SUM(AL96:AO96)+2.45 -> 0.95 | U96: =+Instructions!I43 -> ENG | V96: =SUM(Z96:AC96) -> 9 | W96: =E95+E97+G99 -> 7 | X96: =G95+G97+E99 -> 0 | Y96: =W96-X96 -> 7 | Z96: x | AA96: =IF(ISBLANK(E95),0,IF(E95>G95,3,IF(E95=G95,1,0))) -> 3 | AB96: =IF(ISBLANK(E97),0,IF(E97>G97,3,IF(E97=G97,1,0))) -> 3 | AC96: =IF(ISBLANK(G99),0,IF(G99>E99,3,IF(G99=E99,1,0))) -> 3 | AD96: x | AE96: =(10*(Y96-Y97)+W96-W97>0) -> TRUE | AF96: =10*(Y96-Y98)+W96-W98>0 -> TRUE | AG96: =10*(Y96-Y99)+W96-W99>0 -> TRUE | AH96: =10000*(AA96+AB96)+(E97-G97+E95-G95)*100+(E97+E95) -> 60303 | AI96: =10000*(AA96+AC96)+(E95-G95+G99-E99)*100+(E95+G99) -> 60505 | AJ96: =10000*(AB96+AC96)+(G99-E99+E97-G97)*100+(G99+E97) -> 60606 | AK96: x | AL96: x | AM96: =IF($V96>$V97,-0.5,IF($V97>$V96,0.5,IF(AE96,-0.5,IF(AD97,0.5,BC96)))) -> -0.5 | AN96: =IF($V96>$V98,-0.5,IF($V98>$V96,0.5,IF(AF96,-0.5,IF(AD98,0.5,BD96)))) -> -0.5 | AO96: =IF($V96>$V99,-0.5,IF($V99>$V96,0.5,IF(AG96,-0.5,IF(AD99,0.5,BE96)))) -> -0.5 | AP96: =AND(AND(V96=V97,V97=V98,V98=V99),AND(W96=W97,W97=W98,W98=W99),AND(X96=X97,X97=X98,X98=X99)) -> FALSE | AQ96: =AND(NOT(AP96),V96=V97,V96=V98,W96=W97,W96=W98,X96=X97,X96=X98) -> FALSE | AR96: =AND(NOT(AP96),V96=V97,V96=V99,W96=W97,W96=W99,X96=X97,X96=X99) -> FALSE | AS96: =AND(NOT(AP96),V96=V98,V96=V99,W96=W98,W96=W99,X96=X98,X96=X99) -> FALSE | AT96: =AND(NOT(AP96),V97=V98,V97=V99,W97=W98,W97=W99,X97=X98,X97=X99) -> FALSE | AU96: =AND(NOT(AP96),NOT(AQ96),NOT(AR96),V96=V97,W96=W97,X96=X97) -> FALSE | AV96: =AND(NOT(AP96),NOT(AQ96),NOT(AS96),V96=V98,W96=W98,X96=X98) -> FALSE | AW96: =AND(NOT(AP96),NOT(AR96),NOT(AS96),V96=V99,W96=W99,X96=X99) -> FALSE | AX96: =AND(NOT(AP96),NOT(AQ96),NOT(AT96),V97=V98,W97=W98) -> FALSE | AY96: =AND(NOT(AP96),NOT(AR96),NOT(AT96),V97=V99,W97=W99,X97=X99) -> FALSE | AZ96: =AND(NOT(AP96),NOT(AS96),NOT(AT96),V98=V99,W98=W99,X98=X99) -> FALSE | BA96: {=AND(NOT(AP96:AZ96))} -> TRUE | BB96: x | BC96: =IF($AU96,IF(G95-E95<0,-0.5,IF(E95-G95<0,0.5,0)),IF($AQ96,IF($AH96>$AH97,-0.5,IF($AH96<$AH97,0.5,0)),IF($AR96,IF($AI96>$AI97,-0.5, IF($AI96<$AI97,0.5,0)),0))) -> 0 | BD96: =IF($AV96,IF(G97-E97<0,-0.5,IF(E97-G97<0,0.5,0)),IF($AQ96,IF($AH96>$AH98,-0.5,IF($AH96<$AH98,0.5,0)),IF($AS96,IF($AJ96>$AJ98,-0.5,IF($AJ96<$AJ98,0.5,0)),0))) -> 0 | BE96: =IF($AW96,IF(E99-G99<0,-0.5,IF(G99-E99<0,0.5,0)),IF($AR96,IF($AI96>$AI99,-0.5,IF($AI96<$AI99,0.5,0)),IF($AS96,IF($AJ96>$AJ99,-0.5, IF($AJ96<$AJ99,0.5,0)),0))) -> 0
B97: 46196.583 | C97: Boston | D97: =+Instructions!H43 -> England (ENG) | E97: 2 | F97: =+Instructions!H45 -> Ghana (GHA) | G97: 0 | J97: =Q97 -> 2 | K97: {=INDEX(U96:U99,MATCH(S97,$T96:$T99,0))} -> CRO | L97: {=INDEX(V96:V99,MATCH(S97,$T96:$T99,0))} -> 6 | M97: {=INDEX(W96:W99,MATCH(S97,$T96:$T99,0))} -> 3 | N97: {=INDEX(X96:X99,MATCH(S97,$T96:$T99,0))} -> 1 | O97: {=INDEX(Y96:Y99,MATCH(S97,$T96:$T99,0))} -> 2 | Q97: =IF(ROUND(S97,0)=ROUND(S96,0),Q96,2) -> 2 | R97: =ROUND(S97,0) -> 2 | S97: =+SMALL(T96:T99,2) -> 1.96 | T97: =SUM(AL97:AO97)+2.46 -> 1.96 | U97: =+Instructions!I44 -> CRO | V97: =SUM(Z97:AC97) -> 6 | W97: =G95+G98+E100 -> 3 | X97: =E95+E98+G100 -> 1 | Y97: =W97-X97 -> 2 | Z97: =IF(ISBLANK(G95),0,IF(AA96=3,0,IF(AA96=1,1,3))) -> 0 | AA97: x | AB97: =IF(ISBLANK(E100),0,IF(AA98=3,0,IF(AA98=1,1,3))) -> 3 | AC97: =IF(ISBLANK(G98),0,IF(G98>E98,3,IF(G98=E98,1,0))) -> 3 | AD97: =(10*(Y96-Y97)+W96-W97<0) -> FALSE | AE97: x | AF97: =10*(Y97-Y98)+W97-W98>0 -> TRUE | AG97: =10*(Y97-Y99)+W97-W99>0 -> TRUE | AH97: =10000*(Z97+AB97)+(G95-E95+E100-G100)*100+(G95+E100) -> 30001 | AI97: =10000*(Z97+AC97)+(G95-E95+G98-E98)*100+(G95+G98) -> 30102 | AJ97: x | AK97: =10000*(AB97+AC97)+(G98-E98+E100-G100)*100+(G98+E100) -> 60303 | AL97: =-AM96 -> 0.5 | AM97: x | AN97: =IF($V97>$V98,-0.5,IF($V98>$V97,0.5,IF(AF97,-0.5,IF(AE98,0.5,BD97)))) -> -0.5 | AO97: =IF($V97>$V99,-0.5,IF($V99>$V97,0.5,IF(AG97,-0.5,IF(AE99,0.5,BE97)))) -> -0.5 | BC97: x | BD97: =IF($AX96,IF(G100-E100<0,-0.5,IF(E100-G100<0,0.5,0)),IF($AQ96,IF($AH97>$AH98,-0.5,IF($AH97<$AH98,0.5,0)),IF($AT96,IF($AK97>$AK98,-0.5,IF($AK97<$AK98,0.5,0)),0))) -> 0 | BE97: =IF($AY96,IF(E98-G98<0,-0.5,IF(G98-E98<0,0.5,0)),IF($AR96,IF($AI97>$AI99,-0.5,IF($AI97<$AI99,0.5,0)),IF($AT96,IF($AK97>$AK99,-0.5,IF($AK97<$AK99,0.5,0)),0))) -> 0
B98: 46196.708 | C98: Toronto | D98: =+Instructions!H46 -> Panama (PAN) | E98: 0 | F98: =+Instructions!H44 -> Croatia (CRO) | G98: 2 | J98: =Q98 -> 3 | K98: {=INDEX(U96:U99,MATCH(S98,$T96:$T99,0))} -> GHA | L98: {=INDEX(V96:V99,MATCH(S98,$T96:$T99,0))} -> 3 | M98: {=INDEX(W96:W99,MATCH(S98,$T96:$T99,0))} -> 1 | N98: {=INDEX(X96:X99,MATCH(S98,$T96:$T99,0))} -> 3 | O98: {=INDEX(Y96:Y99,MATCH(S98,$T96:$T99,0))} -> -2 | Q98: =IF(ROUND(S98,0)=ROUND(S97,0),Q97,3) -> 3 | R98: =ROUND(S98,0) -> 3 | S98: =+SMALL(T96:T99,3) -> 2.97 | T98: =SUM(AL98:AO98)+2.47 -> 2.97 | U98: =+Instructions!I45 -> GHA | V98: =SUM(Z98:AC98) -> 3 | W98: =E96+G97+G100 -> 1 | X98: =G96+E97+E100 -> 3 | Y98: =W98-X98 -> -2 | Z98: =IF(ISBLANK(G97),0,IF(AB96=3,0,IF(AB96=1,1,3))) -> 0 | AA98: =IF(ISBLANK(G100),0,IF(G100>E100,3,IF(G100=E100,1,0))) -> 0 | AB98: x | AC98: =IF(ISBLANK(E96),0,IF(E96>G96,3,IF(E96=G96,1,0))) -> 3 | AD98: =10*(Y96-Y98)+W96-W98<0 -> FALSE | AE98: =10*(Y97-Y98)+W97-W98<0 -> FALSE | AF98: x | AG98: =10*(Y98-Y99)+W98-W99>0 -> TRUE | AH98: =10000*(Z98+AA98)+(G97-E97+G100-E100)*100+(G97+G100) -> -300 | AI98: x | AJ98: =10000*(Z98+AC98)+(E96-G96+G97-E97)*100+(E96+G97) -> 29901 | AK98: =10000*(AA98+AC98)+(E96-G96+G100-E100)*100+(E96+G100) -> 30001 | AL98: =-AN96 -> 0.5 | AM98: =-AN97 -> 0.5 | AN98: x | AO98: =IF($V98>$V99,-0.5,IF($V99>$V98,0.5,IF(AG98,-0.5,IF(AF99,0.5,BE98)))) -> -0.5 | BD98: x | BE98: =IF($AZ96,IF(G96-E96<0,-0.5,IF(E96-G96<0,0.5,0)),IF($AS96,IF($AJ98>$AJ99,-0.5,IF($AJ98<$AJ99,0.5,0)),IF($AT96,IF($AK98>$AK99,-0.5,IF($AK98<$AK99,0.5,0)),0))) -> 0
B99: 46200.625 | C99: New Jersey | D99: =+Instructions!H46 -> Panama (PAN) | E99: 0 | F99: =+Instructions!H43 -> England (ENG) | G99: 4 | J99: =Q99 -> 4 | K99: {=INDEX(U96:U99,MATCH(S99,$T96:$T99,0))} -> PAN | L99: {=INDEX(V96:V99,MATCH(S99,$T96:$T99,0))} -> 0 | M99: {=INDEX(W96:W99,MATCH(S99,$T96:$T99,0))} -> 0 | N99: {=INDEX(X96:X99,MATCH(S99,$T96:$T99,0))} -> 7 | O99: {=INDEX(Y96:Y99,MATCH(S99,$T96:$T99,0))} -> -7 | Q99: =IF(ROUND(S99,0)=ROUND(S98,0),Q98,4) -> 4 | R99: =ROUND(S99,0) -> 4 | S99: =+SMALL(T96:T99,4) -> 3.98 | T99: =SUM(AL99:AO99)+2.48 -> 3.98 | U99: =+Instructions!I46 -> PAN | V99: =SUM(Z99:AC99) -> 0 | W99: =G96+E98+E99 -> 0 | X99: =E96+G98+G99 -> 7 | Y99: =W99-X99 -> -7 | Z99: =IF(ISBLANK(E99),0,IF(AC96=3,0,IF(AC96=1,1,3))) -> 0 | AA99: =IF(ISBLANK(E98),0,IF(AC97=3,0,IF(AC97=1,1,3))) -> 0 | AB99: =IF(ISBLANK(G96),0,IF(AC98=3,0,IF(AC98=1,1,3))) -> 0 | AC99: x | AD99: =10*(Y96-Y99)+W96-W99<0 -> FALSE | AE99: =10*(Y97-Y99)+W97-W99<0 -> FALSE | AF99: =10*(Y98-Y99)+W98-W99<0 -> FALSE | AG99: x | AH99: x | AI99: =10000*(Z99+AA99)+(E98-G98+E99-G99)*100+(E98+E99) -> -600 | AJ99: =10000*(Z99+AB99)+(E99-G99+G96-E96)*100+(E99+G96) -> -500 | AK99: =10000*(AA99+AB99)+(E98-G98+G96-E96)*100+(E98+G96) -> -300 | AL99: =-AO96 -> 0.5 | AM99: =-AO97 -> 0.5 | AN99: =-AO98 -> 0.5 | AO99: x | BE99: x
B100: 46200.625 | C100: Philadelphia | D100: =+Instructions!H44 -> Croatia (CRO) | E100: 1 | F100: =+Instructions!H45 -> Ghana (GHA) | G100: 0 | K100: =IF(ISBLANK(G100)," ",+IF(OR(J98<3,J97<2),"TIE BREAK! Pick your qualifiers on the Knock-Out Predictions sheet"," "))
Z102: Ponderación
Z103: Points | AA103: DG | AB103: Gfavor | AC103: +decimales
I104: =+SUM(I105:I112) -> 3894 | J104: Group | K104: Third Place Table | L104: Pts | M104: GF | N104: GA | O104: GD | T104: 3º Grpo | U104: Team | V104: Pts | W104: GF | X104: GC | Y104: DG | Z104: 10000 | AA104: 1000 | AB104: 100 | AC104: Total | AD104: Rkg | AE104: Ubicación dentro del total
I105: =+LOOKUP(J105,$Q$105:$R$116) -> 256 | J105: {=IF(ISBLANK(G8)," ",+INDEX($T$105:$T$116,AE105))} -> I | K105: {=IF(ISBLANK(G8)," ",+INDEX($U$105:$U$116,AE105))} -> SEN | L105: {=INDEX($V$105:$V$116,AE105)} -> 4 | M105: {=INDEX($W$105:$W$116,AE105)} -> 2 | N105: {=INDEX($X$105:$X$116,AE105)} -> 3 | O105: {=INDEX($Y$105:$Y$116,AE105)} -> -1 | Q105: A | R105: 1 | T105: A | U105: =+K10 -> CZE | V105: =+L10 -> 2 | W105: =+M10 -> 0 | X105: =+N10 -> 1 | Y105: =+O10 -> -1 | Z105: =+V105*$Z$104 -> 20000 | AA105: =+Y105*$AA$104 -> -1000 | AB105: =+W105*$AB$104 -> 0 | AC105: =+SUM(Z105:AB105)+0.01 -> 19000.01 | AD105: =+LARGE($AC$105:$AC$116,1) -> 39200.09 | AE105: =+MATCH(AD105,$AC$105:$AC$116,0) -> 9
I106: =+LOOKUP(J106,$Q$105:$R$116) -> 16 | J106: {=IF(ISBLANK(G16)," ",+INDEX($T$105:$T$116,AE106))} -> E | K106: {=IF(ISBLANK(G16)," ",+INDEX($U$105:$U$116,AE106))} -> CIV | L106: {=INDEX($V$105:$V$116,AE106)} -> 3 | M106: {=INDEX($W$105:$W$116,AE106)} -> 3 | N106: {=INDEX($X$105:$X$116,AE106)} -> 3 | O106: {=INDEX($Y$105:$Y$116,AE106)} -> 0 | Q106: B | R106: 2 | T106: B | U106: =+K18 -> BIH | V106: =+L18 -> 3 | W106: =+M18 -> 1 | X106: =+N18 -> 2 | Y106: =+O18 -> -1 | Z106: =+V106*$Z$104 -> 30000 | AA106: =+Y106*$AA$104 -> -1000 | AB106: =+W106*$AB$104 -> 100 | AC106: =+SUM(Z106:AB106)+0.02 -> 29100.02 | AD106: =+LARGE($AC$105:$AC$116,2) -> 30300.05 | AE106: =+MATCH(AD106,$AC$105:$AC$116,0) -> 5
I107: =+LOOKUP(J107,$Q$105:$R$116) -> 4 | J107: {=IF(ISBLANK(G24)," ",+INDEX($T$105:$T$116,AE107))} -> C | K107: {=IF(ISBLANK(G24)," ",+INDEX($U$105:$U$116,AE107))} -> SCO | L107: {=INDEX($V$105:$V$116,AE107)} -> 3 | M107: {=INDEX($W$105:$W$116,AE107)} -> 2 | N107: {=INDEX($X$105:$X$116,AE107)} -> 2 | O107: {=INDEX($Y$105:$Y$116,AE107)} -> 0 | Q107: C | R107: 4 | T107: C | U107: =+K26 -> SCO | V107: =+L26 -> 3 | W107: =+M26 -> 2 | X107: =+N26 -> 2 | Y107: =+O26 -> 0 | Z107: =+V107*$Z$104 -> 30000 | AA107: =+Y107*$AA$104 -> 0 | AB107: =+W107*$AB$104 -> 200 | AC107: =+SUM(Z107:AB107)+0.03 -> 30200.03 | AD107: =+LARGE($AC$105:$AC$116,3) -> 30200.03 | AE107: =+MATCH(AD107,$AC$105:$AC$116,0) -> 3
I108: =+LOOKUP(J108,$Q$105:$R$116) -> 32 | J108: {=IF(ISBLANK(G32)," ",+INDEX($T$105:$T$116,AE108))} -> F | K108: {=IF(ISBLANK(G32)," ",+INDEX($U$105:$U$116,AE108))} -> SWE | L108: {=INDEX($V$105:$V$116,AE108)} -> 3 | M108: {=INDEX($W$105:$W$116,AE108)} -> 1 | N108: {=INDEX($X$105:$X$116,AE108)} -> 2 | O108: {=INDEX($Y$105:$Y$116,AE108)} -> -1 | Q108: D | R108: 8 | T108: D | U108: =+K34 -> PAR | V108: =+L34 -> 2 | W108: =+M34 -> 0 | X108: =+N34 -> 1 | Y108: =+O34 -> -1 | Z108: =+V108*$Z$104 -> 20000 | AA108: =+Y108*$AA$104 -> -1000 | AB108: =+W108*$AB$104 -> 0 | AC108: =+SUM(Z108:AB108)+0.04 -> 19000.04 | AD108: =+LARGE($AC$105:$AC$116,4) -> 29100.06 | AE108: =+MATCH(AD108,$AC$105:$AC$116,0) -> 6
I109: =+LOOKUP(J109,$Q$105:$R$116) -> 2 | J109: {=IF(ISBLANK(G40)," ",+INDEX($T$105:$T$116,AE109))} -> B | K109: {=IF(ISBLANK(G40)," ",+INDEX($U$105:$U$116,AE109))} -> BIH | L109: {=INDEX($V$105:$V$116,AE109)} -> 3 | M109: {=INDEX($W$105:$W$116,AE109)} -> 1 | N109: {=INDEX($X$105:$X$116,AE109)} -> 2 | O109: {=INDEX($Y$105:$Y$116,AE109)} -> -1 | Q109: E | R109: 16 | T109: E | U109: =+K42 -> CIV | V109: =+L42 -> 3 | W109: =+M42 -> 3 | X109: =+N42 -> 3 | Y109: =+O42 -> 0 | Z109: =+V109*$Z$104 -> 30000 | AA109: =+Y109*$AA$104 -> 0 | AB109: =+W109*$AB$104 -> 300 | AC109: =+SUM(Z109:AB109)+0.05 -> 30300.05 | AD109: =+LARGE($AC$105:$AC$116,5) -> 29100.02 | AE109: =+MATCH(AD109,$AC$105:$AC$116,0) -> 2
I110: =+LOOKUP(J110,$Q$105:$R$116) -> 2048 | J110: {=IF(ISBLANK(G48)," ",+INDEX($T$105:$T$116,AE110))} -> L | K110: {=IF(ISBLANK(G48)," ",INDEX($U$105:$U$116,AE110))} -> GHA | L110: {=INDEX($V$105:$V$116,AE110)} -> 3 | M110: {=INDEX($W$105:$W$116,AE110)} -> 1 | N110: {=INDEX($X$105:$X$116,AE110)} -> 3 | O110: {=INDEX($Y$105:$Y$116,AE110)} -> -2 | Q110: F | R110: 32 | T110: F | U110: =+K50 -> SWE | V110: =+L50 -> 3 | W110: =+M50 -> 1 | X110: =+N50 -> 2 | Y110: =+O50 -> -1 | Z110: =+V110*$Z$104 -> 30000 | AA110: =+Y110*$AA$104 -> -1000 | AB110: =+W110*$AB$104 -> 100 | AC110: =+SUM(Z110:AB110)+0.06 -> 29100.06 | AD110: =+LARGE($AC$105:$AC$116,6) -> 28100.003 | AE110: =+MATCH(AD110,$AC$105:$AC$116,0) -> 12
I111: =+LOOKUP(J111,$Q$105:$R$116) -> 512 | J111: {=IF(ISBLANK(G56)," ",+INDEX($T$105:$T$116,AE111))} -> J | K111: {=IF(ISBLANK(G56)," ",INDEX($U$105:$U$116,AE111))} -> ALG | L111: {=INDEX($V$105:$V$116,AE111)} -> 3 | M111: {=INDEX($W$105:$W$116,AE111)} -> 1 | N111: {=INDEX($X$105:$X$116,AE111)} -> 3 | O111: {=INDEX($Y$105:$Y$116,AE111)} -> -2 | Q111: G | R111: 64 | T111: G | U111: =+K58 -> IRN | V111: =+L58 -> 1 | W111: =+M58 -> 0 | X111: =+N58 -> 2 | Y111: =+O58 -> -2 | Z111: =+V111*$Z$104 -> 10000 | AA111: =+Y111*$AA$104 -> -2000 | AB111: =+W111*$AB$104 -> 0 | AC111: =+SUM(Z111:AB111)+0.07 -> 8000.07 | AD111: =+LARGE($AC$105:$AC$116,7) -> 28100.001 | AE111: =+MATCH(AD111,$AC$105:$AC$116,0) -> 10
I112: =+LOOKUP(J112,$Q$105:$R$116) -> 1024 | J112: {=IF(ISBLANK(G64)," ",+INDEX($T$105:$T$116,AE112))} -> K | K112: {=IF(ISBLANK(G64)," ",INDEX($U$105:$U$116,AE112))} -> UZB | L112: {=INDEX($V$105:$V$116,AE112)} -> 3 | M112: {=INDEX($W$105:$W$116,AE112)} -> 1 | N112: {=INDEX($X$105:$X$116,AE112)} -> 5 | O112: {=INDEX($Y$105:$Y$116,AE112)} -> -4 | Q112: H | R112: 128 | T112: H | U112: =+K66 -> KSA | V112: =+L66 -> 1 | W112: =+M66 -> 0 | X112: =+N66 -> 5 | Y112: =+O66 -> -5 | Z112: =+V112*$Z$104 -> 10000 | AA112: =+Y112*$AA$104 -> -5000 | AB112: =+W112*$AB$104 -> 0 | AC112: =+SUM(Z112:AB112)+0.08 -> 5000.08 | AD112: =+LARGE($AC$105:$AC$116,8) -> 26100.002 | AE112: =+MATCH(AD112,$AC$105:$AC$116,0) -> 11
J113: {=IF(ISBLANK(G72)," ",+INDEX($T$105:$T$116,AE113))} -> D | K113: {=IF(ISBLANK(G72)," ",+INDEX($U$105:$U$116,AE113))} -> PAR | L113: {=INDEX($V$105:$V$116,AE113)} -> 2 | M113: {=INDEX($W$105:$W$116,AE113)} -> 0 | N113: {=INDEX($X$105:$X$116,AE113)} -> 1 | O113: {=INDEX($Y$105:$Y$116,AE113)} -> -1 | Q113: I | R113: 256 | T113: I | U113: =+K74 -> SEN | V113: =+L74 -> 4 | W113: =+M74 -> 2 | X113: =+N74 -> 3 | Y113: =+O74 -> -1 | Z113: =+V113*$Z$104 -> 40000 | AA113: =+Y113*$AA$104 -> -1000 | AB113: =+W113*$AB$104 -> 200 | AC113: =+SUM(Z113:AB113)+0.09 -> 39200.09 | AD113: =+LARGE($AC$105:$AC$116,9) -> 19000.04 | AE113: =+MATCH(AD113,$AC$105:$AC$116,0) -> 4
...

Sheet Knock-Out Predictions
B2: Instructions
B3: 1. Enter your name and team name to the right | M3: Entrant name: | N3: Edward Sherrington
B4: 2. Enter the teams you predict to progress from the group stage and through each knock-out round in the grey cells | M4: Team name: | N4: 3 Lions on the Jersey
B5: NOTES: | C5: - PLEASE ONLY USE THE OFFICIAL FIFA THREE-LETTER TEAM CODES SHOWN IN THE INSTRUCTIONS
C6: - The Last 32 below will be auto-completed from your group stage predictions, however you can overwrite these predictions if you wish.
B8: GROUP A
B9: =+'Group Stage Predictions'!B7 -> 46184.542 | C9: =+'Group Stage Predictions'!C7 -> Mexico City | D9: =+'Group Stage Predictions'!D7 -> Mexico (MEX) | E9: =+'Group Stage Predictions'!E7 -> 1 | F9: =+'Group Stage Predictions'!F7 -> South Africa (RSA) | G9: =+'Group Stage Predictions'!G7 -> 0 | J9: =+IF(ISBLANK('Group Stage Predictions'!E7)," ",'Group Stage Predictions'!K9) -> KOR | K9: 2A
B10: =+'Group Stage Predictions'!B8 -> 46184.833 | C10: =+'Group Stage Predictions'!C8 -> Guadalajara | D10: =+'Group Stage Predictions'!D8 -> Korea Republic (KOR) | E10: =+'Group Stage Predictions'!E8 -> 0 | F10: =+'Group Stage Predictions'!F8 -> Czechia (CZE) | G10: =+'Group Stage Predictions'!G8 -> 0 | I10: 43279.542
B11: =+'Group Stage Predictions'!B9 -> 46191.792 | C11: =+'Group Stage Predictions'!C9 -> Guadalajara | D11: =+'Group Stage Predictions'!D9 -> Mexico (MEX) | E11: =+'Group Stage Predictions'!E9 -> 1 | F11: =+'Group Stage Predictions'!F9 -> Korea Republic (KOR) | G11: =+'Group Stage Predictions'!G9 -> 0 | I11: Los Angeles | L11: CAN
B12: =+'Group Stage Predictions'!B10 -> 46191.417 | C12: =+'Group Stage Predictions'!C10 -> Atlanta | D12: =+'Group Stage Predictions'!D10 -> Czechia (CZE) | E12: =+'Group Stage Predictions'!E10 -> 0 | F12: =+'Group Stage Predictions'!F10 -> South Africa (RSA) | G12: =+'Group Stage Predictions'!G10 -> 0
B13: =+'Group Stage Predictions'!B11 -> 46197.792 | C13: =+'Group Stage Predictions'!C11 -> Mexico City | D13: =+'Group Stage Predictions'!D11 -> Czechia (CZE) | E13: =+'Group Stage Predictions'!E11 -> 0 | F13: =+'Group Stage Predictions'!F11 -> Mexico (MEX) | G13: =+'Group Stage Predictions'!G11 -> 1 | J13: =+IF(ISBLANK('Group Stage Predictions'!E15)," ",+'Group Stage Predictions'!K17) -> CAN | K13: 2B
B14: =+'Group Stage Predictions'!B12 -> 46197.792 | C14: =+'Group Stage Predictions'!C12 -> Monterrey | D14: =+'Group Stage Predictions'!D12 -> South Africa (RSA) | E14: =+'Group Stage Predictions'!E12 -> 0 | F14: =+'Group Stage Predictions'!F12 -> Korea Republic (KOR) | G14: =+'Group Stage Predictions'!G12 -> 1 | L14: 43285.458
L15: Houston | M15: NED
B16: GROUP B | J16: =+IF(ISBLANK('Group Stage Predictions'!E47)," ",+'Group Stage Predictions'!K48) -> NED | K16: 1F
B17: =+'Group Stage Predictions'!B15 -> 46185.542 | C17: =+'Group Stage Predictions'!C15 -> Toronto | D17: =+'Group Stage Predictions'!D15 -> Canada (CAN) | E17: =+'Group Stage Predictions'!E15 -> 1 | F17: =+'Group Stage Predictions'!F15 -> Bosnia and Herzegovina (BIH) | G17: =+'Group Stage Predictions'!G15 -> 0 | I17: 43280.792
B18: =+'Group Stage Predictions'!B16 -> 46186.542 | C18: =+'Group Stage Predictions'!C16 -> San Francisco | D18: =+'Group Stage Predictions'!D16 -> Qatar (QAT) | E18: =+'Group Stage Predictions'!E16 -> 0 | F18: =+'Group Stage Predictions'!F16 -> Switzerland (SUI) | G18: =+'Group Stage Predictions'!G16 -> 2 | I18: Monterrey | L18: NED
B19: =+'Group Stage Predictions'!B17 -> 46191.667 | C19: =+'Group Stage Predictions'!C17 -> Vancouver | D19: =+'Group Stage Predictions'!D17 -> Canada (CAN) | E19: =+'Group Stage Predictions'!E17 -> 1 | F19: =+'Group Stage Predictions'!F17 -> Qatar (QAT) | G19: =+'Group Stage Predictions'!G17 -> 0
B20: =+'Group Stage Predictions'!B18 -> 46191.542 | C20: =+'Group Stage Predictions'!C18 -> Los Angeles | D20: =+'Group Stage Predictions'!D18 -> Switzerland (SUI) | E20: =+'Group Stage Predictions'!E18 -> 1 | F20: =+'Group Stage Predictions'!F18 -> Bosnia and Herzegovina (BIH) | G20: =+'Group Stage Predictions'!G18 -> 0 | J20: =+IF(ISBLANK('Group Stage Predictions'!G23)," ",+'Group Stage Predictions'!K25) -> MAR | K20: 2C
B21: =+'Group Stage Predictions'!B19 -> 46197.542 | C21: =+'Group Stage Predictions'!C19 -> Vancouver | D21: =+'Group Stage Predictions'!D19 -> Switzerland (SUI) | E21: =+'Group Stage Predictions'!E19 -> 1 | F21: =+'Group Stage Predictions'!F19 -> Canada (CAN) | G21: =+'Group Stage Predictions'!G19 -> 0
B22: =+'Group Stage Predictions'!B20 -> 46197.542 | C22: =+'Group Stage Predictions'!C20 -> Seattle | D22: =+'Group Stage Predictions'!D20 -> Bosnia and Herzegovina (BIH) | E22: =+'Group Stage Predictions'!E20 -> 1 | F22: =+'Group Stage Predictions'!F20 -> Qatar (QAT) | G22: =+'Group Stage Predictions'!G20 -> 0 | M22: 43290.583
J23: =+IF(ISBLANK('Group Stage Predictions'!E39)," ",+'Group Stage Predictions'!K40) -> GER | K23: 1E | M23: Boston | N23: FRA
B24: GROUP C | I24: 43280.604
B25: =+'Group Stage Predictions'!B23 -> 46186.667 | C25: =+'Group Stage Predictions'!C23 -> New Jersey | D25: =+'Group Stage Predictions'!D23 -> Brazil (BRA) | E25: =+'Group Stage Predictions'!E23 -> 1 | F25: =+'Group Stage Predictions'!F23 -> Morocco (MAR) | G25: =+'Group Stage Predictions'!G23 -> 0 | I25: Boston | L25: GER
B26: =+'Group Stage Predictions'!B24 -> 46186.792 | C26: =+'Group Stage Predictions'!C24 -> Boston | D26: =+'Group Stage Predictions'!D24 -> Haiti (HAI) | E26: =+'Group Stage Predictions'!E24 -> 0 | F26: =+'Group Stage Predictions'!F24 -> Scotland (SCO) | G26: =+'Group Stage Predictions'!G24 -> 2
B27: =+'Group Stage Predictions'!B25 -> 46192.771 | C27: =+'Group Stage Predictions'!C25 -> Philadelphia | D27: =+'Group Stage Predictions'!D25 -> Brazil (BRA) | E27: =+'Group Stage Predictions'!E25 -> 5 | F27: =+'Group Stage Predictions'!F25 -> Haiti (HAI) | G27: =+'Group Stage Predictions'!G25 -> 0 | J27: =+IF(ISBLANK('Group Stage Predictions'!E47)," ",'Group Stage Predictions'!AO121) -> SCO | K27: 3ABCDF
B28: =+'Group Stage Predictions'!B26 -> 46192.667 | C28: =+'Group Stage Predictions'!C26 -> Boston | D28: =+'Group Stage Predictions'!D26 -> Scotland (SCO) | E28: =+'Group Stage Predictions'!E26 -> 0 | F28: =+'Group Stage Predictions'!F26 -> Morocco (MAR) | G28: =+'Group Stage Predictions'!G26 -> 1 | L28: 43285.625
B29: =+'Group Stage Predictions'!B27 -> 46197.667 | C29: =+'Group Stage Predictions'!C27 -> Miami | D29: =+'Group Stage Predictions'!D27 -> Scotland (SCO) | E29: =+'Group Stage Predictions'!E27 -> 0 | F29: =+'Group Stage Predictions'!F27 -> Brazil (BRA) | G29: =+'Group Stage Predictions'!G27 -> 1 | L29: Philadelphia
B30: =+'Group Stage Predictions'!B28 -> 46197.667 | C30: =+'Group Stage Predictions'!C28 -> Atlanta | D30: =+'Group Stage Predictions'!D28 -> Morocco (MAR) | E30: =+'Group Stage Predictions'!E28 -> 3 | F30: =+'Group Stage Predictions'!F28 -> Haiti (HAI) | G30: =+'Group Stage Predictions'!G28 -> 0 | J30: =+IF(ISBLANK('Group Stage Predictions'!E71)," ",'Group Stage Predictions'!K72) -> FRA | K30: 1I | M30: FRA
I31: 43281.625
B32: GROUP D | I32: New Jersey | L32: FRA
B33: =+'Group Stage Predictions'!B31 -> 46185.792 | C33: =+'Group Stage Predictions'!C31 -> Los Angeles | D33: =+'Group Stage Predictions'!D31 -> USA | E33: =+'Group Stage Predictions'!E31 -> 1 | F33: =+'Group Stage Predictions'!F31 -> Paraguay (PAR) | G33: =+'Group Stage Predictions'!G31 -> 0
B34: =+'Group Stage Predictions'!B32 -> 46186.917 | C34: =+'Group Stage Predictions'!C32 -> Vancouver | D34: =+'Group Stage Predictions'!D32 -> Australia (AUS) | E34: =+'Group Stage Predictions'!E32 -> 0 | F34: =+'Group Stage Predictions'!F32 -> Türkiye (TUR) | G34: =+'Group Stage Predictions'!G32 -> 1 | J34: =+IF(ISBLANK('Group Stage Predictions'!E63)," ",'Group Stage Predictions'!AQ121) -> SWE | K34: 3CDFGH
B35: =+'Group Stage Predictions'!B33 -> 46192.542 | C35: =+'Group Stage Predictions'!C33 -> Seattle | D35: =+'Group Stage Predictions'!D33 -> USA | E35: =+'Group Stage Predictions'!E33 -> 1 | F35: =+'Group Stage Predictions'!F33 -> Australia (AUS) | G35: =+'Group Stage Predictions'!G33 -> 0
B36: =+'Group Stage Predictions'!B34 -> 46192.875 | C36: =+'Group Stage Predictions'!C34 -> San Francisco | D36: =+'Group Stage Predictions'!D34 -> Türkiye (TUR) | E36: =+'Group Stage Predictions'!E34 -> 0 | F36: =+'Group Stage Predictions'!F34 -> Paraguay (PAR) | G36: =+'Group Stage Predictions'!G34 -> 0 | N36: 45852.542 | O36: FRA
B37: =+'Group Stage Predictions'!B35 -> 46198.833 | C37: =+'Group Stage Predictions'!C35 -> Los Angeles | D37: =+'Group Stage Predictions'!D35 -> Türkiye (TUR) | E37: =+'Group Stage Predictions'!E35 -> 0 | F37: =+'Group Stage Predictions'!F35 -> USA | G37: =+'Group Stage Predictions'!G35 -> 1 | J37: =+IF(ISBLANK('Group Stage Predictions'!E31)," ",+'Group Stage Predictions'!K32) -> USA | K37: 1D | N37: Dallas
B38: =+'Group Stage Predictions'!B36 -> 46198.833 | C38: =+'Group Stage Predictions'!C36 -> San Francisco | D38: =+'Group Stage Predictions'!D36 -> Paraguay (PAR) | E38: =+'Group Stage Predictions'!E36 -> 0 | F38: =+'Group Stage Predictions'!F36 -> Australia (AUS) | G38: =+'Group Stage Predictions'!G36 -> 0 | I38: 45839.75
I39: San Francisco | L39: USA
B40: GROUP E
B41: =+'Group Stage Predictions'!B39 -> 46187.458 | C41: =+'Group Stage Predictions'!C39 -> Houston | D41: =+'Group Stage Predictions'!D39 -> Germany (GER) | E41: =+'Group Stage Predictions'!E39 -> 5 | F41: =+'Group Stage Predictions'!F39 -> Curaçao (CUW) | G41: =+'Group Stage Predictions'!G39 -> 0 | J41: =+IF(ISBLANK('Group Stage Predictions'!E7)," ",'Group Stage Predictions'!AN121) -> BIH | K41: 3BEFIJ
B42: =+'Group Stage Predictions'!B40 -> 46187.792 | C42: =+'Group Stage Predictions'!C40 -> Philadelphia | D42: =+'Group Stage Predictions'!D40 -> Côte d'Ivoire (CIV) | E42: =+'Group Stage Predictions'!E40 -> 0 | F42: =+'Group Stage Predictions'!F40 -> Ecuador (ECU) | G42: =+'Group Stage Predictions'!G40 -> 1 | L42: 43287.75
B43: =+'Group Stage Predictions'!B41 -> 46193.583 | C43: =+'Group Stage Predictions'!C41 -> Toronto | D43: =+'Group Stage Predictions'!D41 -> Germany (GER) | E43: =+'Group Stage Predictions'!E41 -> 2 | F43: =+'Group Stage Predictions'!F41 -> Côte d'Ivoire (CIV) | G43: =+'Group Stage Predictions'!G41 -> 0 | L43: Seattle | M43: USA
B44: =+'Group Stage Predictions'!B42 -> 46193.75 | C44: =+'Group Stage Predictions'!C42 -> Kansas City | D44: =+'Group Stage Predictions'!D42 -> Ecuador (ECU) | E44: =+'Group Stage Predictions'!E42 -> 3 | F44: =+'Group Stage Predictions'!F42 -> Curaçao (CUW) | G44: =+'Group Stage Predictions'!G42 -> 0 | J44: =+IF(ISBLANK('Group Stage Predictions'!E55)," ",'Group Stage Predictions'!K56) -> BEL | K44: 1G
B45: =+'Group Stage Predictions'!B43 -> 46198.583 | C45: =+'Group Stage Predictions'!C43 -> New Jersey | D45: =+'Group Stage Predictions'!D43 -> Ecuador (ECU) | E45: =+'Group Stage Predictions'!E43 -> 0 | F45: =+'Group Stage Predictions'!F43 -> Germany (GER) | G45: =+'Group Stage Predictions'!G43 -> 1 | I45: 45839.583
B46: =+'Group Stage Predictions'!B44 -> 46198.583 | C46: =+'Group Stage Predictions'!C44 -> Philadelphia | D46: =+'Group Stage Predictions'!D44 -> Curaçao (CUW) | E46: =+'Group Stage Predictions'!E44 -> 0 | F46: =+'Group Stage Predictions'!F44 -> Côte d'Ivoire (CIV) | G46: =+'Group Stage Predictions'!G44 -> 3 | I46: Seattle | L46: BEL
B48: GROUP F | J48: =+IF(ISBLANK('Group Stage Predictions'!E23)," ",'Group Stage Predictions'!AP121) -> SEN | K48: 3AEHIJ
B49: =+'Group Stage Predictions'!B47 -> 46187.583 | C49: =+'Group Stage Predictions'!C47 -> Dallas | D49: =+'Group Stage Predictions'!D47 -> Netherlands (NED) | E49: =+'Group Stage Predictions'!E47 -> 1 | F49: =+'Group Stage Predictions'!F47 -> Japan (JPN) | G49: =+'Group Stage Predictions'!G47 -> 1
B50: =+'Group Stage Predictions'!B48 -> 46187.833 | C50: =+'Group Stage Predictions'!C48 -> Monterrey | D50: =+'Group Stage Predictions'!D48 -> Sweden (SWE) | E50: =+'Group Stage Predictions'!E48 -> 1 | F50: =+'Group Stage Predictions'!F48 -> Tunisia (TUN) | G50: =+'Group Stage Predictions'!G48 -> 0 | M50: 43291.542
B51: =+'Group Stage Predictions'!B49 -> 46193.458 | C51: =+'Group Stage Predictions'!C49 -> Houston | D51: =+'Group Stage Predictions'!D49 -> Netherlands (NED) | E51: =+'Group Stage Predictions'!E49 -> 1 | F51: =+'Group Stage Predictions'!F49 -> Sweden (SWE) | G51: =+'Group Stage Predictions'!G49 -> 0 | J51: =+IF(ISBLANK('Group Stage Predictions'!E63)," ",+'Group Stage Predictions'!K64) -> ESP | K51: 1H | M51: Los Angeles | N51: ESP
B52: =+'Group Stage Predictions'!B50 -> 46193.917 | C52: =+'Group Stage Predictions'!C50 -> Monterrey | D52: =+'Group Stage Predictions'!D50 -> Tunisia (TUN) | E52: =+'Group Stage Predictions'!E50 -> 0 | F52: =+'Group Stage Predictions'!F50 -> Japan (JPN) | G52: =+'Group Stage Predictions'!G50 -> 1 | I52: 46205.542
B53: =+'Group Stage Predictions'!B51 -> 46198.708 | C53: =+'Group Stage Predictions'!C51 -> Kansas City | D53: =+'Group Stage Predictions'!D51 -> Tunisia (TUN) | E53: =+'Group Stage Predictions'!E51 -> 0 | F53: =+'Group Stage Predictions'!F51 -> Netherlands (NED) | G53: =+'Group Stage Predictions'!G51 -> 2 | I53: Los Angeles | L53: ESP
B54: =+'Group Stage Predictions'!B52 -> 46198.708 | C54: =+'Group Stage Predictions'!C52 -> Dallas | D54: =+'Group Stage Predictions'!D52 -> Japan (JPN) | E54: =+'Group Stage Predictions'!E52 -> 1 | F54: =+'Group Stage Predictions'!F52 -> Sweden (SWE) | G54: =+'Group Stage Predictions'!G52 -> 0
J55: =+IF(ISBLANK('Group Stage Predictions'!E39)," ",+'Group Stage Predictions'!K81) -> AUT | K55: 2J
B56: GROUP G | L56: 43287.542
B57: =+'Group Stage Predictions'!B55 -> 46188.542 | C57: =+'Group Stage Predictions'!C55 -> Seattle | D57: =+'Group Stage Predictions'!D55 -> Belgium (BEL) | E57: =+'Group Stage Predictions'!E55 -> 1 | F57: =+'Group Stage Predictions'!F55 -> Egypt (EGY) | G57: =+'Group Stage Predictions'!G55 -> 0 | L57: Dallas | M57: ESP
B58: =+'Group Stage Predictions'!B56 -> 46188.792 | C58: =+'Group Stage Predictions'!C56 -> Los Angeles | D58: =+'Group Stage Predictions'!D56 -> Iran (IRN) | E58: =+'Group Stage Predictions'!E56 -> 0 | F58: =+'Group Stage Predictions'!F56 -> New Zealand (NZL) | G58: =+'Group Stage Predictions'!G56 -> 0 | J58: =+IF(ISBLANK('Group Stage Predictions'!E87)," ",'Group Stage Predictions'!K89) -> COL | K58: 2K
B59: =+'Group Stage Predictions'!B57 -> 46194.542 | C59: =+'Group Stage Predictions'!C57 -> Los Angeles | D59: =+'Group Stage Predictions'!D57 -> Belgium (BEL) | E59: =+'Group Stage Predictions'!E57 -> 1 | F59: =+'Group Stage Predictions'!F57 -> Iran (IRN) | G59: =+'Group Stage Predictions'!G57 -> 0 | I59: 43284.708
B60: =+'Group Stage Predictions'!B58 -> 46194.792 | C60: =+'Group Stage Predictions'!C58 -> Vancouver | D60: =+'Group Stage Predictions'!D58 -> New Zealand (NZL) | E60: =+'Group Stage Predictions'!E58 -> 0 | F60: =+'Group Stage Predictions'!F58 -> Egypt (EGY) | G60: =+'Group Stage Predictions'!G58 -> 1 | I60: Toronto | L60: CRO
B61: =+'Group Stage Predictions'!B59 -> 46199.875 | C61: =+'Group Stage Predictions'!C59 -> Vancouver | D61: =+'Group Stage Predictions'!D59 -> New Zealand (NZL) | E61: =+'Group Stage Predictions'!E59 -> 0 | F61: =+'Group Stage Predictions'!F59 -> Belgium (BEL) | G61: =+'Group Stage Predictions'!G59 -> 2
B62: =+'Group Stage Predictions'!B60 -> 46199.875 | C62: =+'Group Stage Predictions'!C60 -> Seattle | D62: =+'Group Stage Predictions'!D60 -> Egypt (EGY) | E62: =+'Group Stage Predictions'!E60 -> 1 | F62: =+'Group Stage Predictions'!F60 -> Iran (IRN) | G62: =+'Group Stage Predictions'!G60 -> 0 | J62: =+IF(ISBLANK('Group Stage Predictions'!E95)," ",'Group Stage Predictions'!K97) -> CRO | K62: 2L
O63: 45857.542 | P63: FRA
B64: GROUP H | O64: New Jersey
B65: =+'Group Stage Predictions'!B63 -> 46188.417 | C65: =+'Group Stage Predictions'!C63 -> Atlanta | D65: =+'Group Stage Predictions'!D63 -> Spain (ESP) | E65: =+'Group Stage Predictions'!E63 -> 5 | F65: =+'Group Stage Predictions'!F63 -> Cape Verde (CPV) | G65: =+'Group Stage Predictions'!G63 -> 0 | J65: =+IF(ISBLANK('Group Stage Predictions'!E23)," ",'Group Stage Predictions'!K24) -> BRA | K65: 1C
B66: =+'Group Stage Predictions'!B64 -> 46188.667 | C66: =+'Group Stage Predictions'!C64 -> Miami | D66: =+'Group Stage Predictions'!D64 -> Saudi Arabia (KSA) | E66: =+'Group Stage Predictions'!E64 -> 0 | F66: =+'Group Stage Predictions'!F64 -> Uruguay (URU) | G66: =+'Group Stage Predictions'!G64 -> 1 | I66: 46202.458
B67: =+'Group Stage Predictions'!B65 -> 46194.417 | C67: =+'Group Stage Predictions'!C65 -> Atlanta | D67: =+'Group Stage Predictions'!D65 -> Spain (ESP) | E67: =+'Group Stage Predictions'!E65 -> 4 | F67: =+'Group Stage Predictions'!F65 -> Saudi Arabia (KSA) | G67: =+'Group Stage Predictions'!G65 -> 0 | I67: Houston | L67: BRA
B68: =+'Group Stage Predictions'!B66 -> 46194.667 | C68: =+'Group Stage Predictions'!C66 -> Miami | D68: =+'Group Stage Predictions'!D66 -> Uruguay (URU) | E68: =+'Group Stage Predictions'!E66 -> 2 | F68: =+'Group Stage Predictions'!F66 -> Cape Verde (CPV) | G68: =+'Group Stage Predictions'!G66 -> 0
B69: =+'Group Stage Predictions'!B67 -> 46199.75 | C69: =+'Group Stage Predictions'!C67 -> Guadalajara | D69: =+'Group Stage Predictions'!D67 -> Uruguay (URU) | E69: =+'Group Stage Predictions'!E67 -> 0 | F69: =+'Group Stage Predictions'!F67 -> Spain (ESP) | G69: =+'Group Stage Predictions'!G67 -> 1 | J69: =+IF(ISBLANK('Group Stage Predictions'!E47)," ",+'Group Stage Predictions'!K49) -> JPN | K69: 2F
B70: =+'Group Stage Predictions'!B68 -> 46199.75 | C70: =+'Group Stage Predictions'!C68 -> Houston | D70: =+'Group Stage Predictions'!D68 -> Cape Verde (CPV) | E70: =+'Group Stage Predictions'!E68 -> 0 | F70: =+'Group Stage Predictions'!F68 -> Saudi Arabia (KSA) | G70: =+'Group Stage Predictions'!G68 -> 0 | L70: 43286.583
L71: New Jersey | M71: BRA
B72: GROUP I | J72: =+IF(ISBLANK('Group Stage Predictions'!E39)," ",'Group Stage Predictions'!K41) -> ECU | K72: 2E
B73: =+'Group Stage Predictions'!B71 -> 46189.542 | C73: =+'Group Stage Predictions'!C71 -> New Jersey | D73: =+'Group Stage Predictions'!D71 -> France (FRA) | E73: =+'Group Stage Predictions'!E71 -> 2 | F73: =+'Group Stage Predictions'!F71 -> Senegal (SEN) | G73: =+'Group Stage Predictions'!G71 -> 0 | I73: 46203.458
B74: =+'Group Stage Predictions'!B72 -> 46189.667 | C74: =+'Group Stage Predictions'!C72 -> Boston | D74: =+'Group Stage Predictions'!D72 -> Iraq (IRQ) | E74: =+'Group Stage Predictions'!E72 -> 0 | F74: =+'Group Stage Predictions'!F72 -> Norway (NOR) | G74: =+'Group Stage Predictions'!G72 -> 1 | I74: Dallas | L74: ECU
B75: =+'Group Stage Predictions'!B73 -> 46195.625 | C75: =+'Group Stage Predictions'!C73 -> Philadelphia | D75: =+'Group Stage Predictions'!D73 -> France (FRA) | E75: =+'Group Stage Predictions'!E73 -> 3 | F75: =+'Group Stage Predictions'!F73 -> Iraq (IRQ) | G75: =+'Group Stage Predictions'!G73 -> 0
B76: =+'Group Stage Predictions'!B74 -> 46195.75 | C76: =+'Group Stage Predictions'!C74 -> New Jersey | D76: =+'Group Stage Predictions'!D74 -> Norway (NOR) | E76: =+'Group Stage Predictions'!E74 -> 1 | F76: =+'Group Stage Predictions'!F74 -> Senegal (SEN) | G76: =+'Group Stage Predictions'!G74 -> 1 | J76: =+IF(ISBLANK('Group Stage Predictions'!E71)," ",'Group Stage Predictions'!K73) -> NOR | K76: 2I
B77: =+'Group Stage Predictions'!B75 -> 46199.542 | C77: =+'Group Stage Predictions'!C75 -> Boston | D77: =+'Group Stage Predictions'!D75 -> Norway (NOR) | E77: =+'Group Stage Predictions'!E75 -> 1 | F77: =+'Group Stage Predictions'!F75 -> France (FRA) | G77: =+'Group Stage Predictions'!G75 -> 3
B78: =+'Group Stage Predictions'!B76 -> 46199.542 | C78: =+'Group Stage Predictions'!C76 -> Toronto | D78: =+'Group Stage Predictions'!D76 -> Senegal (SEN) | E78: =+'Group Stage Predictions'!E76 -> 1 | F78: =+'Group Stage Predictions'!F76 -> Iraq (IRQ) | G78: =+'Group Stage Predictions'!G76 -> 0 | M78: 46214.625
J79: =+IF(ISBLANK('Group Stage Predictions'!E7)," ",'Group Stage Predictions'!K8) -> MEX | K79: 1A | M79: Miami | N79: ENG
B80: GROUP J | I80: 46203.792
B81: =+'Group Stage Predictions'!B79 -> 46189.792 | C81: =+'Group Stage Predictions'!C79 -> Kansas City | D81: =+'Group Stage Predictions'!D79 -> Argentina (ARG) | E81: =+'Group Stage Predictions'!E79 -> 2 | F81: =+'Group Stage Predictions'!F79 -> Algeria (ALG) | G81: =+'Group Stage Predictions'!G79 -> 0 | I81: Mexico City | L81: MEX
B82: =+'Group Stage Predictions'!B80 -> 46189.917 | C82: =+'Group Stage Predictions'!C80 -> San Francisco | D82: =+'Group Stage Predictions'!D80 -> Austria (AUT) | E82: =+'Group Stage Predictions'!E80 -> 2 | F82: =+'Group Stage Predictions'!F80 -> Jordan (JOR) | G82: =+'Group Stage Predictions'!G80 -> 0
B83: =+'Group Stage Predictions'!B81 -> 46195.458 | C83: =+'Group Stage Predictions'!C81 -> Dallas | D83: =+'Group Stage Predictions'!D81 -> Argentina (ARG) | E83: =+'Group Stage Predictions'!E81 -> 1 | F83: =+'Group Stage Predictions'!F81 -> Austria (AUT) | G83: =+'Group Stage Predictions'!G81 -> 0 | J83: =+IF(ISBLANK('Group Stage Predictions'!E95)," ",+'Group Stage Predictions'!AL121) -> CIV | K83: 3CEFHI
B84: =+'Group Stage Predictions'!B82 -> 46195.875 | C84: =+'Group Stage Predictions'!C82 -> San Francisco | D84: =+'Group Stage Predictions'!D82 -> Jordan (JOR) | E84: =+'Group Stage Predictions'!E82 -> 0 | F84: =+'Group Stage Predictions'!F82 -> Algeria (ALG) | G84: =+'Group Stage Predictions'!G82 -> 1 | L84: 46208.75
B85: =+'Group Stage Predictions'!B83 -> 46200.833 | C85: =+'Group Stage Predictions'!C83 -> Dallas | D85: =+'Group Stage Predictions'!D83 -> Jordan (JOR) | E85: =+'Group Stage Predictions'!E83 -> 0 | F85: =+'Group Stage Predictions'!F83 -> Argentina (ARG) | G85: =+'Group Stage Predictions'!G83 -> 5 | L85: Mexico City
B86: =+'Group Stage Predictions'!B84 -> 46200.833 | C86: =+'Group Stage Predictions'!C84 -> Kansas City | D86: =+'Group Stage Predictions'!D84 -> Algeria (ALG) | E86: =+'Group Stage Predictions'!E84 -> 0 | F86: =+'Group Stage Predictions'!F84 -> Austria (AUT) | G86: =+'Group Stage Predictions'!G84 -> 1 | J86: =+IF(ISBLANK('Group Stage Predictions'!E95)," ",+'Group Stage Predictions'!K96) -> ENG | K86: 1L | M86: ENG
I87: 46204.417
B88: GROUP K | I88: Atlanta | L88: ENG
B89: =+'Group Stage Predictions'!B87 -> 46190.458 | C89: =+'Group Stage Predictions'!C87 -> Houston | D89: =+'Group Stage Predictions'!D87 -> Portugal (POR) | E89: =+'Group Stage Predictions'!E87 -> 2 | F89: =+'Group Stage Predictions'!F87 -> DR Congo (COD) | G89: =+'Group Stage Predictions'!G87 -> 0
B90: =+'Group Stage Predictions'!B88 -> 46190.833 | C90: =+'Group Stage Predictions'!C88 -> Mexico City | D90: =+'Group Stage Predictions'!D88 -> Uzbekistan (UZB) | E90: =+'Group Stage Predictions'!E88 -> 0 | F90: =+'Group Stage Predictions'!F88 -> Colombia (COL) | G90: =+'Group Stage Predictions'!G88 -> 2 | J90: =+IF(ISBLANK('Group Stage Predictions'!E95)," ",+'Group Stage Predictions'!AS121) -> UZB | K90: 3EHIJK
B91: =+'Group Stage Predictions'!B89 -> 46196.458 | C91: =+'Group Stage Predictions'!C89 -> Houston | D91: =+'Group Stage Predictions'!D89 -> Portugal (POR) | E91: =+'Group Stage Predictions'!E89 -> 3 | F91: =+'Group Stage Predictions'!F89 -> Uzbekistan (UZB) | G91: =+'Group Stage Predictions'!G89 -> 0
B92: =+'Group Stage Predictions'!B90 -> 46196.833 | C92: =+'Group Stage Predictions'!C90 -> Guadalajara | D92: =+'Group Stage Predictions'!D90 -> Colombia (COL) | E92: =+'Group Stage Predictions'!E90 -> 1 | F92: =+'Group Stage Predictions'!F90 -> DR Congo (COD) | G92: =+'Group Stage Predictions'!G90 -> 0 | N92: 43296.542 | O92: ARG
B93: =+'Group Stage Predictions'!B91 -> 46200.729 | C93: =+'Group Stage Predictions'!C91 -> Miami | D93: =+'Group Stage Predictions'!D91 -> Colombia (COL) | E93: =+'Group Stage Predictions'!E91 -> 0 | F93: =+'Group Stage Predictions'!F91 -> Portugal (POR) | G93: =+'Group Stage Predictions'!G91 -> 1 | J93: =+IF(ISBLANK('Group Stage Predictions'!E87)," ",'Group Stage Predictions'!K88) -> POR | K93: 1K | N93: Atlanta
B94: =+'Group Stage Predictions'!B92 -> 46200.729 | C94: =+'Group Stage Predictions'!C92 -> Atlanta | D94: =+'Group Stage Predictions'!D92 -> DR Congo (COD) | E94: =+'Group Stage Predictions'!E92 -> 0 | F94: =+'Group Stage Predictions'!F92 -> Uzbekistan (UZB) | G94: =+'Group Stage Predictions'!G92 -> 1 | I94: 46206.812
I95: Kansas City | L95: POR
B96: GROUP L
B97: =+'Group Stage Predictions'!B95 -> 46190.583 | C97: =+'Group Stage Predictions'!C95 -> Dallas | D97: =+'Group Stage Predictions'!D95 -> England (ENG) | E97: =+'Group Stage Predictions'!E95 -> 1 | F97: =+'Group Stage Predictions'!F95 -> Croatia (CRO) | G97: =+'Group Stage Predictions'!G95 -> 0 | J97: =+IF(ISBLANK('Group Stage Predictions'!E63)," ",+'Group Stage Predictions'!AR121) -> GHA | K97: 3DEIJL
B98: =+'Group Stage Predictions'!B96 -> 46190.708 | C98: =+'Group Stage Predictions'!C96 -> Toronto | D98: =+'Group Stage Predictions'!D96 -> Ghana (GHA) | E98: =+'Group Stage Predictions'!E96 -> 1 | F98: =+'Group Stage Predictions'!F96 -> Panama (PAN) | G98: =+'Group Stage Predictions'!G96 -> 0 | L98: 43288.583
B99: =+'Group Stage Predictions'!B97 -> 46196.583 | C99: =+'Group Stage Predictions'!C97 -> Boston | D99: =+'Group Stage Predictions'!D97 -> England (ENG) | E99: =+'Group Stage Predictions'!E97 -> 2 | F99: =+'Group Stage Predictions'!F97 -> Ghana (GHA) | G99: =+'Group Stage Predictions'!G97 -> 0 | L99: Vancouver | M99: POR
B100: =+'Group Stage Predictions'!B98 -> 46196.708 | C100: =+'Group Stage Predictions'!C98 -> Toronto | D100: =+'Group Stage Predictions'!D98 -> Panama (PAN) | E100: =+'Group Stage Predictions'!E98 -> 0 | F100: =+'Group Stage Predictions'!F98 -> Croatia (CRO) | G100: =+'Group Stage Predictions'!G98 -> 2 | J100: =+IF(ISBLANK('Group Stage Predictions'!E15)," ",+'Group Stage Predictions'!K16) -> SUI | K100: 1B
B101: =+'Group Stage Predictions'!B99 -> 46200.625 | C101: =+'Group Stage Predictions'!C99 -> New Jersey | D101: =+'Group Stage Predictions'!D99 -> Panama (PAN) | E101: =+'Group Stage Predictions'!E99 -> 0 | F101: =+'Group Stage Predictions'!F99 -> England (ENG) | G101: =+'Group Stage Predictions'!G99 -> 4 | I101: 46205.875
B102: =+'Group Stage Predictions'!B100 -> 46200.625 | C102: =+'Group Stage Predictions'!C100 -> Philadelphia | D102: =+'Group Stage Predictions'!D100 -> Croatia (CRO) | E102: =+'Group Stage Predictions'!E100 -> 1 | F102: =+'Group Stage Predictions'!F100 -> Ghana (GHA) | G102: =+'Group Stage Predictions'!G100 -> 0 | I102: Vancouver | L102: SUI
J104: =+IF(ISBLANK('Group Stage Predictions'!E79)," ",+'Group Stage Predictions'!AM121) -> ALG | K104: 3EFGIJ
...

Sheet For Organiser
A1: Entrant | B1: Team | C1: Stage | D1: Group | E1: Pick ID | F1: Team A | G1: Team A Goals | H1: Team B | I1: Team B Goals | J1: Chosen team
A2: ='Knock-Out Predictions'!$N$3 -> Edward Sherrington | B2: ='Knock-Out Predictions'!$N$4 -> 3 Lions on the Jersey | C2: Group stage | D2: A | E2: GS-01 | F2: ='Knock-Out Predictions'!D9 -> Mexico (MEX) | G2: ='Knock-Out Predictions'!E9 -> 1 | H2: ='Knock-Out Predictions'!F9 -> South Africa (RSA) | I2: ='Knock-Out Predictions'!G9 -> 0
A3: ='Knock-Out Predictions'!$N$3 -> Edward Sherrington | B3: ='Knock-Out Predictions'!$N$4 -> 3 Lions on the Jersey | C3: Group stage | D3: A | E3: GS-02 | F3: ='Knock-Out Predictions'!D10 -> Korea Republic (KOR) | G3: ='Knock-Out Predictions'!E10 -> 0 | H3: ='Knock-Out Predictions'!F10 -> Czechia (CZE) | I3: ='Knock-Out Predictions'!G10 -> 0
A4: ='Knock-Out Predictions'!$N$3 -> Edward Sherrington | B4: ='Knock-Out Predictions'!$N$4 -> 3 Lions on the Jersey | C4: Group stage | D4: A | E4: GS-03 | F4: ='Knock-Out Predictions'!D11 -> Mexico (MEX) | G4: ='Knock-Out Predictions'!E11 -> 1 | H4: ='Knock-Out Predictions'!F11 -> Korea Republic (KOR) | I4: ='Knock-Out Predictions'!G11 -> 0
A5: ='Knock-Out Predictions'!$N$3 -> Edward Sherrington | B5: ='Knock-Out Predictions'!$N$4 -> 3 Lions on the Jersey | C5: Group stage | D5: A | E5: GS-04 | F5: ='Knock-Out Predictions'!D12 -> Czechia (CZE) | G5: ='Knock-Out Predictions'!E12 -> 0 | H5: ='Knock-Out Predictions'!F12 -> South Africa (RSA) | I5: ='Knock-Out Predictions'!G12 -> 0
A6: ='Knock-Out Predictions'!$N$3 -> Edward Sherrington | B6: ='Knock-Out Predictions'!$N$4 -> 3 Lions on the Jersey | C6: Group stage | D6: A | E6: GS-05 | F6: ='Knock-Out Predictions'!D13 -> Czechia (CZE) | G6: ='Knock-Out Predictions'!E13 -> 0 | H6: ='Knock-Out Predictions'!F13 -> Mexico (MEX) | I6: ='Knock-Out Predictions'!G13 -> 1
A7: ='Knock-Out Predictions'!$N$3 -> Edward Sherrington | B7: ='Knock-Out Predictions'!$N$4 -> 3 Lions on the Jersey | C7: Group stage | D7: A | E7: GS-06 | F7: ='Knock-Out Predictions'!D14 -> South Africa (RSA) | G7: ='Knock-Out Predictions'!E14 -> 0 | H7: ='Knock-Out Predictions'!F14 -> Korea Republic (KOR) | I7: ='Knock-Out Predictions'!G14 -> 1
A8: ='Knock-Out Predictions'!$N$3 -> Edward Sherrington | B8: ='Knock-Out Predictions'!$N$4 -> 3 Lions on the Jersey | C8: Group stage | D8: B | E8: GS-07 | F8: ='Knock-Out Predictions'!D17 -> Canada (CAN) | G8: ='Knock-Out Predictions'!E17 -> 1 | H8: ='Knock-Out Predictions'!F17 -> Bosnia and Herzegovina (BIH) | I8: ='Knock-Out Predictions'!G17 -> 0
A9: ='Knock-Out Predictions'!$N$3 -> Edward Sherrington | B9: ='Knock-Out Predictions'!$N$4 -> 3 Lions on the Jersey | C9: Group stage | D9: B | E9: GS-08 | F9: ='Knock-Out Predictions'!D18 -> Qatar (QAT) | G9: ='Knock-Out Predictions'!E18 -> 0 | H9: ='Knock-Out Predictions'!F18 -> Switzerland (SUI) | I9: ='Knock-Out Predictions'!G18 -> 2
A10: ='Knock-Out Predictions'!$N$3 -> Edward Sherrington | B10: ='Knock-Out Predictions'!$N$4 -> 3 Lions on the Jersey | C10: Group stage | D10: B | E10: GS-09 | F10: ='Knock-Out Predictions'!D19 -> Canada (CAN) | G10: ='Knock-Out Predictions'!E19 -> 1 | H10: ='Knock-Out Predictions'!F19 -> Qatar (QAT) | I10: ='Knock-Out Predictions'!G19 -> 0
A11: ='Knock-Out Predictions'!$N$3 -> Edward Sherrington | B11: ='Knock-Out Predictions'!$N$4 -> 3 Lions on the Jersey | C11: Group stage | D11: B | E11: GS-10 | F11: ='Knock-Out Predictions'!D20 -> Switzerland (SUI) | G11: ='Knock-Out Predictions'!E20 -> 1 | H11: ='Knock-Out Predictions'!F20 -> Bosnia and Herzegovina (BIH) | I11: ='Knock-Out Predictions'!G20 -> 0
A12: ='Knock-Out Predictions'!$N$3 -> Edward Sherrington | B12: ='Knock-Out Predictions'!$N$4 -> 3 Lions on the Jersey | C12: Group stage | D12: B | E12: GS-11 | F12: ='Knock-Out Predictions'!D21 -> Switzerland (SUI) | G12: ='Knock-Out Predictions'!E21 -> 1 | H12: ='Knock-Out Predictions'!F21 -> Canada (CAN) | I12: ='Knock-Out Predictions'!G21 -> 0
A13: ='Knock-Out Predictions'!$N$3 -> Edward Sherrington | B13: ='Knock-Out Predictions'!$N$4 -> 3 Lions on the Jersey | C13: Group stage | D13: B | E13: GS-12 | F13: ='Knock-Out Predictions'!D22 -> Bosnia and Herzegovina (BIH) | G13: ='Knock-Out Predictions'!E22 -> 1 | H13: ='Knock-Out Predictions'!F22 -> Qatar (QAT) | I13: ='Knock-Out Predictions'!G22 -> 0
A14: ='Knock-Out Predictions'!$N$3 -> Edward Sherrington | B14: ='Knock-Out Predictions'!$N$4 -> 3 Lions on the Jersey | C14: Group stage | D14: C | E14: GS-13 | F14: ='Knock-Out Predictions'!D25 -> Brazil (BRA) | G14: ='Knock-Out Predictions'!E25 -> 1 | H14: ='Knock-Out Predictions'!F25 -> Morocco (MAR) | I14: ='Knock-Out Predictions'!G25 -> 0
A15: ='Knock-Out Predictions'!$N$3 -> Edward Sherrington | B15: ='Knock-Out Predictions'!$N$4 -> 3 Lions on the Jersey | C15: Group stage | D15: C | E15: GS-14 | F15: ='Knock-Out Predictions'!D26 -> Haiti (HAI) | G15: ='Knock-Out Predictions'!E26 -> 0 | H15: ='Knock-Out Predictions'!F26 -> Scotland (SCO) | I15: ='Knock-Out Predictions'!G26 -> 2
A16: ='Knock-Out Predictions'!$N$3 -> Edward Sherrington | B16: ='Knock-Out Predictions'!$N$4 -> 3 Lions on the Jersey | C16: Group stage | D16: C | E16: GS-15 | F16: ='Knock-Out Predictions'!D27 -> Brazil (BRA) | G16: ='Knock-Out Predictions'!E27 -> 5 | H16: ='Knock-Out Predictions'!F27 -> Haiti (HAI) | I16: ='Knock-Out Predictions'!G27 -> 0
A17: ='Knock-Out Predictions'!$N$3 -> Edward Sherrington | B17: ='Knock-Out Predictions'!$N$4 -> 3 Lions on the Jersey | C17: Group stage | D17: C | E17: GS-16 | F17: ='Knock-Out Predictions'!D28 -> Scotland (SCO) | G17: ='Knock-Out Predictions'!E28 -> 0 | H17: ='Knock-Out Predictions'!F28 -> Morocco (MAR) | I17: ='Knock-Out Predictions'!G28 -> 1
A18: ='Knock-Out Predictions'!$N$3 -> Edward Sherrington | B18: ='Knock-Out Predictions'!$N$4 -> 3 Lions on the Jersey | C18: Group stage | D18: C | E18: GS-17 | F18: ='Knock-Out Predictions'!D29 -> Scotland (SCO) | G18: ='Knock-Out Predictions'!E29 -> 0 | H18: ='Knock-Out Predictions'!F29 -> Brazil (BRA) | I18: ='Knock-Out Predictions'!G29 -> 1
A19: ='Knock-Out Predictions'!$N$3 -> Edward Sherrington | B19: ='Knock-Out Predictions'!$N$4 -> 3 Lions on the Jersey | C19: Group stage | D19: C | E19: GS-18 | F19: ='Knock-Out Predictions'!D30 -> Morocco (MAR) | G19: ='Knock-Out Predictions'!E30 -> 3 | H19: ='Knock-Out Predictions'!F30 -> Haiti (HAI) | I19: ='Knock-Out Predictions'!G30 -> 0
A20: ='Knock-Out Predictions'!$N$3 -> Edward Sherrington | B20: ='Knock-Out Predictions'!$N$4 -> 3 Lions on the Jersey | C20: Group stage | D20: D | E20: GS-19 | F20: ='Knock-Out Predictions'!D33 -> USA | G20: ='Knock-Out Predictions'!E33 -> 1 | H20: ='Knock-Out Predictions'!F33 -> Paraguay (PAR) | I20: ='Knock-Out Predictions'!G33 -> 0
A21: ='Knock-Out Predictions'!$N$3 -> Edward Sherrington | B21: ='Knock-Out Predictions'!$N$4 -> 3 Lions on the Jersey | C21: Group stage | D21: D | E21: GS-20 | F21: ='Knock-Out Predictions'!D34 -> Australia (AUS) | G21: ='Knock-Out Predictions'!E34 -> 0 | H21: ='Knock-Out Predictions'!F34 -> Türkiye (TUR) | I21: ='Knock-Out Predictions'!G34 -> 1
A22: ='Knock-Out Predictions'!$N$3 -> Edward Sherrington | B22: ='Knock-Out Predictions'!$N$4 -> 3 Lions on the Jersey | C22: Group stage | D22: D | E22: GS-21 | F22: ='Knock-Out Predictions'!D35 -> USA | G22: ='Knock-Out Predictions'!E35 -> 1 | H22: ='Knock-Out Predictions'!F35 -> Australia (AUS) | I22: ='Knock-Out Predictions'!G35 -> 0
A23: ='Knock-Out Predictions'!$N$3 -> Edward Sherrington | B23: ='Knock-Out Predictions'!$N$4 -> 3 Lions on the Jersey | C23: Group stage | D23: D | E23: GS-22 | F23: ='Knock-Out Predictions'!D36 -> Türkiye (TUR) | G23: ='Knock-Out Predictions'!E36 -> 0 | H23: ='Knock-Out Predictions'!F36 -> Paraguay (PAR) | I23: ='Knock-Out Predictions'!G36 -> 0
A24: ='Knock-Out Predictions'!$N$3 -> Edward Sherrington | B24: ='Knock-Out Predictions'!$N$4 -> 3 Lions on the Jersey | C24: Group stage | D24: D | E24: GS-23 | F24: ='Knock-Out Predictions'!D37 -> Türkiye (TUR) | G24: ='Knock-Out Predictions'!E37 -> 0 | H24: ='Knock-Out Predictions'!F37 -> USA | I24: ='Knock-Out Predictions'!G37 -> 1
A25: ='Knock-Out Predictions'!$N$3 -> Edward Sherrington | B25: ='Knock-Out Predictions'!$N$4 -> 3 Lions on the Jersey | C25: Group stage | D25: D | E25: GS-24 | F25: ='Knock-Out Predictions'!D38 -> Paraguay (PAR) | G25: ='Knock-Out Predictions'!E38 -> 0 | H25: ='Knock-Out Predictions'!F38 -> Australia (AUS) | I25: ='Knock-Out Predictions'!G38 -> 0
A26: ='Knock-Out Predictions'!$N$3 -> Edward Sherrington | B26: ='Knock-Out Predictions'!$N$4 -> 3 Lions on the Jersey | C26: Group stage | D26: E | E26: GS-25 | F26: ='Knock-Out Predictions'!D41 -> Germany (GER) | G26: ='Knock-Out Predictions'!E41 -> 5 | H26: ='Knock-Out Predictions'!F41 -> Curaçao (CUW) | I26: ='Knock-Out Predictions'!G41 -> 0
A27: ='Knock-Out Predictions'!$N$3 -> Edward Sherrington | B27: ='Knock-Out Predictions'!$N$4 -> 3 Lions on the Jersey | C27: Group stage | D27: E | E27: GS-26 | F27: ='Knock-Out Predictions'!D42 -> Côte d'Ivoire (CIV) | G27: ='Knock-Out Predictions'!E42 -> 0 | H27: ='Knock-Out Predictions'!F42 -> Ecuador (ECU) | I27: ='Knock-Out Predictions'!G42 -> 1
A28: ='Knock-Out Predictions'!$N$3 -> Edward Sherrington | B28: ='Knock-Out Predictions'!$N$4 -> 3 Lions on the Jersey | C28: Group stage | D28: E | E28: GS-27 | F28: ='Knock-Out Predictions'!D43 -> Germany (GER) | G28: ='Knock-Out Predictions'!E43 -> 2 | H28: ='Knock-Out Predictions'!F43 -> Côte d'Ivoire (CIV) | I28: ='Knock-Out Predictions'!G43 -> 0
A29: ='Knock-Out Predictions'!$N$3 -> Edward Sherrington | B29: ='Knock-Out Predictions'!$N$4 -> 3 Lions on the Jersey | C29: Group stage | D29: E | E29: GS-28 | F29: ='Knock-Out Predictions'!D44 -> Ecuador (ECU) | G29: ='Knock-Out Predictions'!E44 -> 3 | H29: ='Knock-Out Predictions'!F44 -> Curaçao (CUW) | I29: ='Knock-Out Predictions'!G44 -> 0
A30: ='Knock-Out Predictions'!$N$3 -> Edward Sherrington | B30: ='Knock-Out Predictions'!$N$4 -> 3 Lions on the Jersey | C30: Group stage | D30: E | E30: GS-29 | F30: ='Knock-Out Predictions'!D45 -> Ecuador (ECU) | G30: ='Knock-Out Predictions'!E45 -> 0 | H30: ='Knock-Out Predictions'!F45 -> Germany (GER) | I30: ='Knock-Out Predictions'!G45 -> 1
A31: ='Knock-Out Predictions'!$N$3 -> Edward Sherrington | B31: ='Knock-Out Predictions'!$N$4 -> 3 Lions on the Jersey | C31: Group stage | D31: E | E31: GS-30 | F31: ='Knock-Out Predictions'!D46 -> Curaçao (CUW) | G31: ='Knock-Out Predictions'!E46 -> 0 | H31: ='Knock-Out Predictions'!F46 -> Côte d'Ivoire (CIV) | I31: ='Knock-Out Predictions'!G46 -> 3
A32: ='Knock-Out Predictions'!$N$3 -> Edward Sherrington | B32: ='Knock-Out Predictions'!$N$4 -> 3 Lions on the Jersey | C32: Group stage | D32: F | E32: GS-31 | F32: ='Knock-Out Predictions'!D49 -> Netherlands (NED) | G32: ='Knock-Out Predictions'!E49 -> 1 | H32: ='Knock-Out Predictions'!F49 -> Japan (JPN) | I32: ='Knock-Out Predictions'!G49 -> 1
A33: ='Knock-Out Predictions'!$N$3 -> Edward Sherrington | B33: ='Knock-Out Predictions'!$N$4 -> 3 Lions on the Jersey | C33: Group stage | D33: F | E33: GS-32 | F33: ='Knock-Out Predictions'!D50 -> Sweden (SWE) | G33: ='Knock-Out Predictions'!E50 -> 1 | H33: ='Knock-Out Predictions'!F50 -> Tunisia (TUN) | I33: ='Knock-Out Predictions'!G50 -> 0
A34: ='Knock-Out Predictions'!$N$3 -> Edward Sherrington | B34: ='Knock-Out Predictions'!$N$4 -> 3 Lions on the Jersey | C34: Group stage | D34: F | E34: GS-33 | F34: ='Knock-Out Predictions'!D51 -> Netherlands (NED) | G34: ='Knock-Out Predictions'!E51 -> 1 | H34: ='Knock-Out Predictions'!F51 -> Sweden (SWE) | I34: ='Knock-Out Predictions'!G51 -> 0
A35: ='Knock-Out Predictions'!$N$3 -> Edward Sherrington | B35: ='Knock-Out Predictions'!$N$4 -> 3 Lions on the Jersey | C35: Group stage | D35: F | E35: GS-34 | F35: ='Knock-Out Predictions'!D52 -> Tunisia (TUN) | G35: ='Knock-Out Predictions'!E52 -> 0 | H35: ='Knock-Out Predictions'!F52 -> Japan (JPN) | I35: ='Knock-Out Predictions'!G52 -> 1
A36: ='Knock-Out Predictions'!$N$3 -> Edward Sherrington | B36: ='Knock-Out Predictions'!$N$4 -> 3 Lions on the Jersey | C36: Group stage | D36: F | E36: GS-35 | F36: ='Knock-Out Predictions'!D53 -> Tunisia (TUN) | G36: ='Knock-Out Predictions'!E53 -> 0 | H36: ='Knock-Out Predictions'!F53 -> Netherlands (NED) | I36: ='Knock-Out Predictions'!G53 -> 2
A37: ='Knock-Out Predictions'!$N$3 -> Edward Sherrington | B37: ='Knock-Out Predictions'!$N$4 -> 3 Lions on the Jersey | C37: Group stage | D37: F | E37: GS-36 | F37: ='Knock-Out Predictions'!D54 -> Japan (JPN) | G37: ='Knock-Out Predictions'!E54 -> 1 | H37: ='Knock-Out Predictions'!F54 -> Sweden (SWE) | I37: ='Knock-Out Predictions'!G54 -> 0
A38: ='Knock-Out Predictions'!$N$3 -> Edward Sherrington | B38: ='Knock-Out Predictions'!$N$4 -> 3 Lions on the Jersey | C38: Group stage | D38: G | E38: GS-37 | F38: ='Knock-Out Predictions'!D57 -> Belgium (BEL) | G38: ='Knock-Out Predictions'!E57 -> 1 | H38: ='Knock-Out Predictions'!F57 -> Egypt (EGY) | I38: ='Knock-Out Predictions'!G57 -> 0
A39: ='Knock-Out Predictions'!$N$3 -> Edward Sherrington | B39: ='Knock-Out Predictions'!$N$4 -> 3 Lions on the Jersey | C39: Group stage | D39: G | E39: GS-38 | F39: ='Knock-Out Predictions'!D58 -> Iran (IRN) | G39: ='Knock-Out Predictions'!E58 -> 0 | H39: ='Knock-Out Predictions'!F58 -> New Zealand (NZL) | I39: ='Knock-Out Predictions'!G58 -> 0
A40: ='Knock-Out Predictions'!$N$3 -> Edward Sherrington | B40: ='Knock-Out Predictions'!$N$4 -> 3 Lions on the Jersey | C40: Group stage | D40: G | E40: GS-39 | F40: ='Knock-Out Predictions'!D59 -> Belgium (BEL) | G40: ='Knock-Out Predictions'!E59 -> 1 | H40: ='Knock-Out Predictions'!F59 -> Iran (IRN) | I40: ='Knock-Out Predictions'!G59 -> 0
A41: ='Knock-Out Predictions'!$N$3 -> Edward Sherrington | B41: ='Knock-Out Predictions'!$N$4 -> 3 Lions on the Jersey | C41: Group stage | D41: G | E41: GS-40 | F41: ='Knock-Out Predictions'!D60 -> New Zealand (NZL) | G41: ='Knock-Out Predictions'!E60 -> 0 | H41: ='Knock-Out Predictions'!F60 -> Egypt (EGY) | I41: ='Knock-Out Predictions'!G60 -> 1
A42: ='Knock-Out Predictions'!$N$3 -> Edward Sherrington | B42: ='Knock-Out Predictions'!$N$4 -> 3 Lions on the Jersey | C42: Group stage | D42: G | E42: GS-41 | F42: ='Knock-Out Predictions'!D61 -> New Zealand (NZL) | G42: ='Knock-Out Predictions'!E61 -> 0 | H42: ='Knock-Out Predictions'!F61 -> Belgium (BEL) | I42: ='Knock-Out Predictions'!G61 -> 2
A43: ='Knock-Out Predictions'!$N$3 -> Edward Sherrington | B43: ='Knock-Out Predictions'!$N$4 -> 3 Lions on the Jersey | C43: Group stage | D43: G | E43: GS-42 | F43: ='Knock-Out Predictions'!D62 -> Egypt (EGY) | G43: ='Knock-Out Predictions'!E62 -> 1 | H43: ='Knock-Out Predictions'!F62 -> Iran (IRN) | I43: ='Knock-Out Predictions'!G62 -> 0
A44: ='Knock-Out Predictions'!$N$3 -> Edward Sherrington | B44: ='Knock-Out Predictions'!$N$4 -> 3 Lions on the Jersey | C44: Group stage | D44: H | E44: GS-43 | F44: ='Knock-Out Predictions'!D65 -> Spain (ESP) | G44: ='Knock-Out Predictions'!E65 -> 5 | H44: ='Knock-Out Predictions'!F65 -> Cape Verde (CPV) | I44: ='Knock-Out Predictions'!G65 -> 0
A45: ='Knock-Out Predictions'!$N$3 -> Edward Sherrington | B45: ='Knock-Out Predictions'!$N$4 -> 3 Lions on the Jersey | C45: Group stage | D45: H | E45: GS-44 | F45: ='Knock-Out Predictions'!D66 -> Saudi Arabia (KSA) | G45: ='Knock-Out Predictions'!E66 -> 0 | H45: ='Knock-Out Predictions'!F66 -> Uruguay (URU) | I45: ='Knock-Out Predictions'!G66 -> 1
A46: ='Knock-Out Predictions'!$N$3 -> Edward Sherrington | B46: ='Knock-Out Predictions'!$N$4 -> 3 Lions on the Jersey | C46: Group stage | D46: H | E46: GS-45 | F46: ='Knock-Out Predictions'!D67 -> Spain (ESP) | G46: ='Knock-Out Predictions'!E67 -> 4 | H46: ='Knock-Out Predictions'!F67 -> Saudi Arabia (KSA) | I46: ='Knock-Out Predictions'!G67 -> 0
A47: ='Knock-Out Predictions'!$N$3 -> Edward Sherrington | B47: ='Knock-Out Predictions'!$N$4 -> 3 Lions on the Jersey | C47: Group stage | D47: H | E47: GS-46 | F47: ='Knock-Out Predictions'!D68 -> Uruguay (URU) | G47: ='Knock-Out Predictions'!E68 -> 2 | H47: ='Knock-Out Predictions'!F68 -> Cape Verde (CPV) | I47: ='Knock-Out Predictions'!G68 -> 0
A48: ='Knock-Out Predictions'!$N$3 -> Edward Sherrington | B48: ='Knock-Out Predictions'!$N$4 -> 3 Lions on the Jersey | C48: Group stage | D48: H | E48: GS-47 | F48: ='Knock-Out Predictions'!D69 -> Uruguay (URU) | G48: ='Knock-Out Predictions'!E69 -> 0 | H48: ='Knock-Out Predictions'!F69 -> Spain (ESP) | I48: ='Knock-Out Predictions'!G69 -> 1
A49: ='Knock-Out Predictions'!$N$3 -> Edward Sherrington | B49: ='Knock-Out Predictions'!$N$4 -> 3 Lions on the Jersey | C49: Group stage | D49: H | E49: GS-48 | F49: ='Knock-Out Predictions'!D70 -> Cape Verde (CPV) | G49: ='Knock-Out Predictions'!E70 -> 0 | H49: ='Knock-Out Predictions'!F70 -> Saudi Arabia (KSA) | I49: ='Knock-Out Predictions'!G70 -> 0
A50: ='Knock-Out Predictions'!$N$3 -> Edward Sherrington | B50: ='Knock-Out Predictions'!$N$4 -> 3 Lions on the Jersey | C50: Group stage | D50: I | E50: GS-49 | F50: ='Knock-Out Predictions'!D73 -> France (FRA) | G50: ='Knock-Out Predictions'!E73 -> 2 | H50: ='Knock-Out Predictions'!F73 -> Senegal (SEN) | I50: ='Knock-Out Predictions'!G73 -> 0
A51: ='Knock-Out Predictions'!$N$3 -> Edward Sherrington | B51: ='Knock-Out Predictions'!$N$4 -> 3 Lions on the Jersey | C51: Group stage | D51: I | E51: GS-50 | F51: ='Knock-Out Predictions'!D74 -> Iraq (IRQ) | G51: ='Knock-Out Predictions'!E74 -> 0 | H51: ='Knock-Out Predictions'!F74 -> Norway (NOR) | I51: ='Knock-Out Predictions'!G74 -> 1
A52: ='Knock-Out Predictions'!$N$3 -> Edward Sherrington | B52: ='Knock-Out Predictions'!$N$4 -> 3 Lions on the Jersey | C52: Group stage | D52: I | E52: GS-51 | F52: ='Knock-Out Predictions'!D75 -> France (FRA) | G52: ='Knock-Out Predictions'!E75 -> 3 | H52: ='Knock-Out Predictions'!F75 -> Iraq (IRQ) | I52: ='Knock-Out Predictions'!G75 -> 0
A53: ='Knock-Out Predictions'!$N$3 -> Edward Sherrington | B53: ='Knock-Out Predictions'!$N$4 -> 3 Lions on the Jersey | C53: Group stage | D53: I | E53: GS-52 | F53: ='Knock-Out Predictions'!D76 -> Norway (NOR) | G53: ='Knock-Out Predictions'!E76 -> 1 | H53: ='Knock-Out Predictions'!F76 -> Senegal (SEN) | I53: ='Knock-Out Predictions'!G76 -> 1
A54: ='Knock-Out Predictions'!$N$3 -> Edward Sherrington | B54: ='Knock-Out Predictions'!$N$4 -> 3 Lions on the Jersey | C54: Group stage | D54: I | E54: GS-53 | F54: ='Knock-Out Predictions'!D77 -> Norway (NOR) | G54: ='Knock-Out Predictions'!E77 -> 1 | H54: ='Knock-Out Predictions'!F77 -> France (FRA) | I54: ='Knock-Out Predictions'!G77 -> 3
A55: ='Knock-Out Predictions'!$N$3 -> Edward Sherrington | B55: ='Knock-Out Predictions'!$N$4 -> 3 Lions on the Jersey | C55: Group stage | D55: I | E55: GS-54 | F55: ='Knock-Out Predictions'!D78 -> Senegal (SEN) | G55: ='Knock-Out Predictions'!E78 -> 1 | H55: ='Knock-Out Predictions'!F78 -> Iraq (IRQ) | I55: ='Knock-Out Predictions'!G78 -> 0
A56: ='Knock-Out Predictions'!$N$3 -> Edward Sherrington | B56: ='Knock-Out Predictions'!$N$4 -> 3 Lions on the Jersey | C56: Group stage | D56: J | E56: GS-55 | F56: ='Knock-Out Predictions'!D81 -> Argentina (ARG) | G56: ='Knock-Out Predictions'!E81 -> 2 | H56: ='Knock-Out Predictions'!F81 -> Algeria (ALG) | I56: ='Knock-Out Predictions'!G81 -> 0
A57: ='Knock-Out Predictions'!$N$3 -> Edward Sherrington | B57: ='Knock-Out Predictions'!$N$4 -> 3 Lions on the Jersey | C57: Group stage | D57: J | E57: GS-56 | F57: ='Knock-Out Predictions'!D82 -> Austria (AUT) | G57: ='Knock-Out Predictions'!E82 -> 2 | H57: ='Knock-Out Predictions'!F82 -> Jordan (JOR) | I57: ='Knock-Out Predictions'!G82 -> 0
A58: ='Knock-Out Predictions'!$N$3 -> Edward Sherrington | B58: ='Knock-Out Predictions'!$N$4 -> 3 Lions on the Jersey | C58: Group stage | D58: J | E58: GS-57 | F58: ='Knock-Out Predictions'!D83 -> Argentina (ARG) | G58: ='Knock-Out Predictions'!E83 -> 1 | H58: ='Knock-Out Predictions'!F83 -> Austria (AUT) | I58: ='Knock-Out Predictions'!G83 -> 0
A59: ='Knock-Out Predictions'!$N$3 -> Edward Sherrington | B59: ='Knock-Out Predictions'!$N$4 -> 3 Lions on the Jersey | C59: Group stage | D59: J | E59: GS-58 | F59: ='Knock-Out Predictions'!D84 -> Jordan (JOR) | G59: ='Knock-Out Predictions'!E84 -> 0 | H59: ='Knock-Out Predictions'!F84 -> Algeria (ALG) | I59: ='Knock-Out Predictions'!G84 -> 1
A60: ='Knock-Out Predictions'!$N$3 -> Edward Sherrington | B60: ='Knock-Out Predictions'!$N$4 -> 3 Lions on the Jersey | C60: Group stage | D60: J | E60: GS-59 | F60: ='Knock-Out Predictions'!D85 -> Jordan (JOR) | G60: ='Knock-Out Predictions'!E85 -> 0 | H60: ='Knock-Out Predictions'!F85 -> Argentina (ARG) | I60: ='Knock-Out Predictions'!G85 -> 5
A61: ='Knock-Out Predictions'!$N$3 -> Edward Sherrington | B61: ='Knock-Out Predictions'!$N$4 -> 3 Lions on the Jersey | C61: Group stage | D61: J | E61: GS-60 | F61: ='Knock-Out Predictions'!D86 -> Algeria (ALG) | G61: ='Knock-Out Predictions'!E86 -> 0 | H61: ='Knock-Out Predictions'!F86 -> Austria (AUT) | I61: ='Knock-Out Predictions'!G86 -> 1
A62: ='Knock-Out Predictions'!$N$3 -> Edward Sherrington | B62: ='Knock-Out Predictions'!$N$4 -> 3 Lions on the Jersey | C62: Group stage | D62: K | E62: GS-61 | F62: ='Knock-Out Predictions'!D89 -> Portugal (POR) | G62: ='Knock-Out Predictions'!E89 -> 2 | H62: ='Knock-Out Predictions'!F89 -> DR Congo (COD) | I62: ='Knock-Out Predictions'!G89 -> 0
A63: ='Knock-Out Predictions'!$N$3 -> Edward Sherrington | B63: ='Knock-Out Predictions'!$N$4 -> 3 Lions on the Jersey | C63: Group stage | D63: K | E63: GS-62 | F63: ='Knock-Out Predictions'!D90 -> Uzbekistan (UZB) | G63: ='Knock-Out Predictions'!E90 -> 0 | H63: ='Knock-Out Predictions'!F90 -> Colombia (COL) | I63: ='Knock-Out Predictions'!G90 -> 2
A64: ='Knock-Out Predictions'!$N$3 -> Edward Sherrington | B64: ='Knock-Out Predictions'!$N$4 -> 3 Lions on the Jersey | C64: Group stage | D64: K | E64: GS-63 | F64: ='Knock-Out Predictions'!D91 -> Portugal (POR) | G64: ='Knock-Out Predictions'!E91 -> 3 | H64: ='Knock-Out Predictions'!F91 -> Uzbekistan (UZB) | I64: ='Knock-Out Predictions'!G91 -> 0
A65: ='Knock-Out Predictions'!$N$3 -> Edward Sherrington | B65: ='Knock-Out Predictions'!$N$4 -> 3 Lions on the Jersey | C65: Group stage | D65: K | E65: GS-64 | F65: ='Knock-Out Predictions'!D92 -> Colombia (COL) | G65: ='Knock-Out Predictions'!E92 -> 1 | H65: ='Knock-Out Predictions'!F92 -> DR Congo (COD) | I65: ='Knock-Out Predictions'!G92 -> 0
A66: ='Knock-Out Predictions'!$N$3 -> Edward Sherrington | B66: ='Knock-Out Predictions'!$N$4 -> 3 Lions on the Jersey | C66: Group stage | D66: K | E66: GS-65 | F66: ='Knock-Out Predictions'!D93 -> Colombia (COL) | G66: ='Knock-Out Predictions'!E93 -> 0 | H66: ='Knock-Out Predictions'!F93 -> Portugal (POR) | I66: ='Knock-Out Predictions'!G93 -> 1
A67: ='Knock-Out Predictions'!$N$3 -> Edward Sherrington | B67: ='Knock-Out Predictions'!$N$4 -> 3 Lions on the Jersey | C67: Group stage | D67: K | E67: GS-66 | F67: ='Knock-Out Predictions'!D94 -> DR Congo (COD) | G67: ='Knock-Out Predictions'!E94 -> 0 | H67: ='Knock-Out Predictions'!F94 -> Uzbekistan (UZB) | I67: ='Knock-Out Predictions'!G94 -> 1
A68: ='Knock-Out Predictions'!$N$3 -> Edward Sherrington | B68: ='Knock-Out Predictions'!$N$4 -> 3 Lions on the Jersey | C68: Group stage | D68: L | E68: GS-67 | F68: ='Knock-Out Predictions'!D97 -> England (ENG) | G68: ='Knock-Out Predictions'!E97 -> 1 | H68: ='Knock-Out Predictions'!F97 -> Croatia (CRO) | I68: ='Knock-Out Predictions'!G97 -> 0
A69: ='Knock-Out Predictions'!$N$3 -> Edward Sherrington | B69: ='Knock-Out Predictions'!$N$4 -> 3 Lions on the Jersey | C69: Group stage | D69: L | E69: GS-68 | F69: ='Knock-Out Predictions'!D98 -> Ghana (GHA) | G69: ='Knock-Out Predictions'!E98 -> 1 | H69: ='Knock-Out Predictions'!F98 -> Panama (PAN) | I69: ='Knock-Out Predictions'!G98 -> 0
A70: ='Knock-Out Predictions'!$N$3 -> Edward Sherrington | B70: ='Knock-Out Predictions'!$N$4 -> 3 Lions on the Jersey | C70: Group stage | D70: L | E70: GS-69 | F70: ='Knock-Out Predictions'!D99 -> England (ENG) | G70: ='Knock-Out Predictions'!E99 -> 2 | H70: ='Knock-Out Predictions'!F99 -> Ghana (GHA) | I70: ='Knock-Out Predictions'!G99 -> 0
A71: ='Knock-Out Predictions'!$N$3 -> Edward Sherrington | B71: ='Knock-Out Predictions'!$N$4 -> 3 Lions on the Jersey | C71: Group stage | D71: L | E71: GS-70 | F71: ='Knock-Out Predictions'!D100 -> Panama (PAN) | G71: ='Knock-Out Predictions'!E100 -> 0 | H71: ='Knock-Out Predictions'!F100 -> Croatia (CRO) | I71: ='Knock-Out Predictions'!G100 -> 2
A72: ='Knock-Out Predictions'!$N$3 -> Edward Sherrington | B72: ='Knock-Out Predictions'!$N$4 -> 3 Lions on the Jersey | C72: Group stage | D72: L | E72: GS-71 | F72: ='Knock-Out Predictions'!D101 -> Panama (PAN) | G72: ='Knock-Out Predictions'!E101 -> 0 | H72: ='Knock-Out Predictions'!F101 -> England (ENG) | I72: ='Knock-Out Predictions'!G101 -> 4
A73: ='Knock-Out Predictions'!$N$3 -> Edward Sherrington | B73: ='Knock-Out Predictions'!$N$4 -> 3 Lions on the Jersey | C73: Group stage | D73: L | E73: GS-72 | F73: ='Knock-Out Predictions'!D102 -> Croatia (CRO) | G73: ='Knock-Out Predictions'!E102 -> 1 | H73: ='Knock-Out Predictions'!F102 -> Ghana (GHA) | I73: ='Knock-Out Predictions'!G102 -> 0
A74: ='Knock-Out Predictions'!$N$3 -> Edward Sherrington | B74: ='Knock-Out Predictions'!$N$4 -> 3 Lions on the Jersey | C74: Round of 32 | E74: R32-01 | J74: ='Knock-Out Predictions'!J9 -> KOR
A75: ='Knock-Out Predictions'!$N$3 -> Edward Sherrington | B75: ='Knock-Out Predictions'!$N$4 -> 3 Lions on the Jersey | C75: Round of 32 | E75: R32-02 | J75: ='Knock-Out Predictions'!J13 -> CAN
A76: ='Knock-Out Predictions'!$N$3 -> Edward Sherrington | B76: ='Knock-Out Predictions'!$N$4 -> 3 Lions on the Jersey | C76: Round of 32 | E76: R32-03 | J76: ='Knock-Out Predictions'!J16 -> NED
A77: ='Knock-Out Predictions'!$N$3 -> Edward Sherrington | B77: ='Knock-Out Predictions'!$N$4 -> 3 Lions on the Jersey | C77: Round of 32 | E77: R32-04 | J77: ='Knock-Out Predictions'!J20 -> MAR
A78: ='Knock-Out Predictions'!$N$3 -> Edward Sherrington | B78: ='Knock-Out Predictions'!$N$4 -> 3 Lions on the Jersey | C78: Round of 32 | E78: R32-05 | J78: ='Knock-Out Predictions'!J23 -> GER
A79: ='Knock-Out Predictions'!$N$3 -> Edward Sherrington | B79: ='Knock-Out Predictions'!$N$4 -> 3 Lions on the Jersey | C79: Round of 32 | E79: R32-06 | J79: ='Knock-Out Predictions'!J27 -> SCO
A80: ='Knock-Out Predictions'!$N$3 -> Edward Sherrington | B80: ='Knock-Out Predictions'!$N$4 -> 3 Lions on the Jersey | C80: Round of 32 | E80: R32-07 | J80: ='Knock-Out Predictions'!J30 -> FRA
A81: ='Knock-Out Predictions'!$N$3 -> Edward Sherrington | B81: ='Knock-Out Predictions'!$N$4 -> 3 Lions on the Jersey | C81: Round of 32 | E81: R32-08 | J81: ='Knock-Out Predictions'!J34 -> SWE
A82: ='Knock-Out Predictions'!$N$3 -> Edward Sherrington | B82: ='Knock-Out Predictions'!$N$4 -> 3 Lions on the Jersey | C82: Round of 32 | E82: R32-09 | J82: ='Knock-Out Predictions'!J37 -> USA
A83: ='Knock-Out Predictions'!$N$3 -> Edward Sherrington | B83: ='Knock-Out Predictions'!$N$4 -> 3 Lions on the Jersey | C83: Round of 32 | E83: R32-10 | J83: ='Knock-Out Predictions'!J41 -> BIH
A84: ='Knock-Out Predictions'!$N$3 -> Edward Sherrington | B84: ='Knock-Out Predictions'!$N$4 -> 3 Lions on the Jersey | C84: Round of 32 | E84: R32-11 | J84: ='Knock-Out Predictions'!J44 -> BEL
A85: ='Knock-Out Predictions'!$N$3 -> Edward Sherrington | B85: ='Knock-Out Predictions'!$N$4 -> 3 Lions on the Jersey | C85: Round of 32 | E85: R32-12 | J85: ='Knock-Out Predictions'!J48 -> SEN
A86: ='Knock-Out Predictions'!$N$3 -> Edward Sherrington | B86: ='Knock-Out Predictions'!$N$4 -> 3 Lions on the Jersey | C86: Round of 32 | E86: R32-13 | J86: ='Knock-Out Predictions'!J51 -> ESP
A87: ='Knock-Out Predictions'!$N$3 -> Edward Sherrington | B87: ='Knock-Out Predictions'!$N$4 -> 3 Lions on the Jersey | C87: Round of 32 | E87: R32-14 | J87: ='Knock-Out Predictions'!J55 -> AUT
A88: ='Knock-Out Predictions'!$N$3 -> Edward Sherrington | B88: ='Knock-Out Predictions'!$N$4 -> 3 Lions on the Jersey | C88: Round of 32 | E88: R32-15 | J88: ='Knock-Out Predictions'!J58 -> COL
A89: ='Knock-Out Predictions'!$N$3 -> Edward Sherrington | B89: ='Knock-Out Predictions'!$N$4 -> 3 Lions on the Jersey | C89: Round of 32 | E89: R32-16 | J89: ='Knock-Out Predictions'!J62 -> CRO
A90: ='Knock-Out Predictions'!$N$3 -> Edward Sherrington | B90: ='Knock-Out Predictions'!$N$4 -> 3 Lions on the Jersey | C90: Round of 32 | E90: R32-17 | J90: ='Knock-Out Predictions'!J65 -> BRA
A91: ='Knock-Out Predictions'!$N$3 -> Edward Sherrington | B91: ='Knock-Out Predictions'!$N$4 -> 3 Lions on the Jersey | C91: Round of 32 | E91: R32-18 | J91: ='Knock-Out Predictions'!J69 -> JPN
A92: ='Knock-Out Predictions'!$N$3 -> Edward Sherrington | B92: ='Knock-Out Predictions'!$N$4 -> 3 Lions on the Jersey | C92: Round of 32 | E92: R32-19 | J92: ='Knock-Out Predictions'!J72 -> ECU
A93: ='Knock-Out Predictions'!$N$3 -> Edward Sherrington | B93: ='Knock-Out Predictions'!$N$4 -> 3 Lions on the Jersey | C93: Round of 32 | E93: R32-20 | J93: ='Knock-Out Predictions'!J76 -> NOR
A94: ='Knock-Out Predictions'!$N$3 -> Edward Sherrington | B94: ='Knock-Out Predictions'!$N$4 -> 3 Lions on the Jersey | C94: Round of 32 | E94: R32-21 | J94: ='Knock-Out Predictions'!J79 -> MEX
A95: ='Knock-Out Predictions'!$N$3 -> Edward Sherrington | B95: ='Knock-Out Predictions'!$N$4 -> 3 Lions on the Jersey | C95: Round of 32 | E95: R32-22 | J95: ='Knock-Out Predictions'!J83 -> CIV
A96: ='Knock-Out Predictions'!$N$3 -> Edward Sherrington | B96: ='Knock-Out Predictions'!$N$4 -> 3 Lions on the Jersey | C96: Round of 32 | E96: R32-23 | J96: ='Knock-Out Predictions'!J86 -> ENG
A97: ='Knock-Out Predictions'!$N$3 -> Edward Sherrington | B97: ='Knock-Out Predictions'!$N$4 -> 3 Lions on the Jersey | C97: Round of 32 | E97: R32-24 | J97: ='Knock-Out Predictions'!J90 -> UZB
A98: ='Knock-Out Predictions'!$N$3 -> Edward Sherrington | B98: ='Knock-Out Predictions'!$N$4 -> 3 Lions on the Jersey | C98: Round of 32 | E98: R32-25 | J98: ='Knock-Out Predictions'!J93 -> POR
A99: ='Knock-Out Predictions'!$N$3 -> Edward Sherrington | B99: ='Knock-Out Predictions'!$N$4 -> 3 Lions on the Jersey | C99: Round of 32 | E99: R32-26 | J99: ='Knock-Out Predictions'!J97 -> GHA
A100: ='Knock-Out Predictions'!$N$3 -> Edward Sherrington | B100: ='Knock-Out Predictions'!$N$4 -> 3 Lions on the Jersey | C100: Round of 32 | E100: R32-27 | J100: ='Knock-Out Predictions'!J100 -> SUI
...
